96a67f74-fdb9-4a0d-8606-34fbe450f441,ELA_IR_G1_NA,I_13aaaaaa-aaaa-4aaa-a40a-978132846950
043b1497-a251-48b1-b5a4-1f46182360e9,NA_SCI_YSI_6-8,I_13aaaaaa-aaaa-4aaa-a44a-978054488240
822af41d-dbb4-4a1f-b9c7-3fbb5303a206,ELA_IR_G3_NA,I_13aaaaaa-aaaa-4aaa-a46a-978132846952
ccdfbb01-2a02-434a-9122-a979f5e97aa8,NA_SCI_YSI_6-8,I_13aaaaaa-aaaa-4aaa-a44a-978054488240
ccdfbb01-2a02-434a-9122-a979f5e97aa8,NA_SCI_YSI_6-8,I_13aaaaaa-aaaa-4aaa-a48a-978054488228
285d6594-a316-4c52-b561-5202afbcb92d,NA_SCI_YSI_6-8,I_13aaaaaa-aaaa-4aaa-a40a-978054488227
285d6594-a316-4c52-b561-5202afbcb92d,NA_SCI_YSI_6-8,I_13aaaaaa-aaaa-4aaa-a42a-978054488231
285d6594-a316-4c52-b561-5202afbcb92d,NA_SCI_YSI_6-8,I_13aaaaaa-aaaa-4aaa-a42a-978054488236
285d6594-a316-4c52-b561-5202afbcb92d,NA_SCI_YSI_6-8,I_13aaaaaa-aaaa-4aaa-a46a-978054488239
acd213c1-871b-4915-a567-4081e859a1fe,NA_SCI_YSI_6-8,I_13aaaaaa-aaaa-4aaa-a42a-978054488246
acd213c1-871b-4915-a567-4081e859a1fe,NA_SCI_YSI_6-8,I_13aaaaaa-aaaa-4aaa-a44a-978054488240
acd213c1-871b-4915-a567-4081e859a1fe,NA_SCI_YSI_6-8,I_13aaaaaa-aaaa-4aaa-a46a-978054488224
acd213c1-871b-4915-a567-4081e859a1fe,NA_SCI_YSI_6-8,I_13aaaaaa-aaaa-4aaa-a46a-978054488229
285d6594-a316-4c52-b561-5202afbcb92d,NA_SCI_YSI_6-8,I_13aaaaaa-aaaa-4aaa-a3ea-978054488223
285d6594-a316-4c52-b561-5202afbcb92d,NA_SCI_YSI_6-8,I_13aaaaaa-aaaa-4aaa-a3ea-978054488243
c4f2f6f7-6c28-4e98-87ab-8fe67027813d,NA_SCI_YSI_6-8,I_13aaaaaa-aaaa-4aaa-a3ea-978054488223
c4f2f6f7-6c28-4e98-87ab-8fe67027813d,NA_SCI_YSI_6-8,I_13aaaaaa-aaaa-4aaa-a42a-978054488226
c4f2f6f7-6c28-4e98-87ab-8fe67027813d,NA_SCI_YSI_6-8,I_13aaaaaa-aaaa-4aaa-a46a-978054488224
c4f2f6f7-6c28-4e98-87ab-8fe67027813d,NA_SCI_YSI_6-8,I_13aaaaaa-aaaa-4aaa-a40a-978054488227
acd213c1-871b-4915-a567-4081e859a1fe,NA_SCI_YSI_6-8,I_13aaaaaa-aaaa-4aaa-a3aa-978054488230
31f8334b-c86e-4e91-b964-09b3dd912448,ELA_IR_WW_G5_TX,I_13aaaaaa-aaaa-4aaa-a3ca-978132848521
31f8334b-c86e-4e91-b964-09b3dd912448,ELA_IR_WW_G3_TX,I_13aaaaaa-aaaa-4aaa-a3ea-978132848525
31f8334b-c86e-4e91-b964-09b3dd912448,ELA_IR_WW_G4_TX_SP,I_13aaaaaa-aaaa-4aaa-a3ea-978132848560
acd213c1-871b-4915-a567-4081e859a1fe,NA_SCI_YSI_6-8,I_13aaaaaa-aaaa-4aaa-a3ea-978054488243
acd213c1-871b-4915-a567-4081e859a1fe,NA_SCI_YSI_6-8,I_13aaaaaa-aaaa-4aaa-a40a-978054488227
acd213c1-871b-4915-a567-4081e859a1fe,NA_SCI_YSI_6-8,I_13aaaaaa-aaaa-4aaa-a40a-978054488232
acd213c1-871b-4915-a567-4081e859a1fe,NA_SCI_YSI_6-8,I_13aaaaaa-aaaa-4aaa-a40a-978054488242
acd213c1-871b-4915-a567-4081e859a1fe,NA_SCI_YSI_6-8,I_13aaaaaa-aaaa-4aaa-a42a-978054488226
acd213c1-871b-4915-a567-4081e859a1fe,NA_SCI_YSI_6-8,I_13aaaaaa-aaaa-4aaa-a42a-978054488231
acd213c1-871b-4915-a567-4081e859a1fe,NA_SCI_YSI_6-8,I_13aaaaaa-aaaa-4aaa-a42a-978054488241
acd213c1-871b-4915-a567-4081e859a1fe,NA_SCI_YSI_6-8,I_13aaaaaa-aaaa-4aaa-a44a-978054488245
acd213c1-871b-4915-a567-4081e859a1fe,NA_SCI_YSI_6-8,I_13aaaaaa-aaaa-4aaa-a3ea-978054488233
acd213c1-871b-4915-a567-4081e859a1fe,NA_SCI_YSI_6-8,I_13aaaaaa-aaaa-4aaa-a46a-978054488234
acd213c1-871b-4915-a567-4081e859a1fe,NA_SCI_YSI_6-8,I_13aaaaaa-aaaa-4aaa-a46a-978054488239
acd213c1-871b-4915-a567-4081e859a1fe,NA_SCI_YSI_6-8,I_13aaaaaa-aaaa-4aaa-a4aa-978054488237
acd213c1-871b-4915-a567-4081e859a1fe,NA_SCI_YSI_6-8,I_13aaaaaa-aaaa-4aaa-a46a-978054488244
acd213c1-871b-4915-a567-4081e859a1fe,NA_SCI_YSI_6-8,I_13aaaaaa-aaaa-4aaa-a48a-978054488228
acd213c1-871b-4915-a567-4081e859a1fe,NA_SCI_YSI_6-8,I_13aaaaaa-aaaa-4aaa-a48a-978054488238
a554d319-b9da-43d6-ba71-f1f3d3ebb605,NA_SCI_YSI_6-8,I_13aaaaaa-aaaa-4aaa-a42a-978054488246
a554d319-b9da-43d6-ba71-f1f3d3ebb605,NA_SCI_YSI_6-8,I_13aaaaaa-aaaa-4aaa-a46a-978054488234
560b4123-bc13-4321-af03-29d3453ddef1,NA_SCI_YSI_6-8,I_13aaaaaa-aaaa-4aaa-a40a-978054488232
560b4123-bc13-4321-af03-29d3453ddef1,NA_SCI_YSI_6-8,I_13aaaaaa-aaaa-4aaa-a42a-978054488246
560b4123-bc13-4321-af03-29d3453ddef1,NA_SCI_YSI_6-8,I_13aaaaaa-aaaa-4aaa-a46a-978054488234
560b4123-bc13-4321-af03-29d3453ddef1,NA_SCI_YSI_6-8,I_13aaaaaa-aaaa-4aaa-a46a-978054488244
685343ae-9651-4f72-a2f6-49d0f8f103f4,NA_SCI_YSI_6-8,I_13aaaaaa-aaaa-4aaa-a40a-978054488227
685343ae-9651-4f72-a2f6-49d0f8f103f4,NA_SCI_YSI_6-8,I_13aaaaaa-aaaa-4aaa-a44a-978054488240
ff4845d8-5f6d-4f70-8db1-3bbe3bb761d5,NA_SCI_YSI_6-8,I_13aaaaaa-aaaa-4aaa-a46a-978054488234
ff4845d8-5f6d-4f70-8db1-3bbe3bb761d5,NA_SCI_YSI_6-8,I_13aaaaaa-aaaa-4aaa-a46a-978054488239
ff4845d8-5f6d-4f70-8db1-3bbe3bb761d5,NA_SCI_YSI_6-8,I_13aaaaaa-aaaa-4aaa-a3aa-978054488230
ff4845d8-5f6d-4f70-8db1-3bbe3bb761d5,NA_SCI_YSI_6-8,I_13aaaaaa-aaaa-4aaa-a3ea-978054488223
ff4845d8-5f6d-4f70-8db1-3bbe3bb761d5,NA_SCI_YSI_6-8,I_13aaaaaa-aaaa-4aaa-a3ea-978054488233
ff4845d8-5f6d-4f70-8db1-3bbe3bb761d5,NA_SCI_YSI_6-8,I_13aaaaaa-aaaa-4aaa-a3ea-978054488243
ff4845d8-5f6d-4f70-8db1-3bbe3bb761d5,NA_SCI_YSI_6-8,I_13aaaaaa-aaaa-4aaa-a40a-978054488227
ff4845d8-5f6d-4f70-8db1-3bbe3bb761d5,NA_SCI_YSI_6-8,I_13aaaaaa-aaaa-4aaa-a40a-978054488232
ff4845d8-5f6d-4f70-8db1-3bbe3bb761d5,NA_SCI_YSI_6-8,I_13aaaaaa-aaaa-4aaa-a40a-978054488242
06ec0a25-16b6-4cec-9739-175fcff0ae93,NA_SCI_YSI_6-8,I_13aaaaaa-aaaa-4aaa-a3aa-978054488230
06ec0a25-16b6-4cec-9739-175fcff0ae93,NA_SCI_YSI_6-8,I_13aaaaaa-aaaa-4aaa-a3ea-978054488223
06ec0a25-16b6-4cec-9739-175fcff0ae93,NA_SCI_YSI_6-8,I_13aaaaaa-aaaa-4aaa-a48a-978054488228
ff4845d8-5f6d-4f70-8db1-3bbe3bb761d5,NA_SCI_YSI_6-8,I_13aaaaaa-aaaa-4aaa-a42a-978054488246
ff4845d8-5f6d-4f70-8db1-3bbe3bb761d5,NA_SCI_YSI_6-8,I_13aaaaaa-aaaa-4aaa-a44a-978054488235
ff4845d8-5f6d-4f70-8db1-3bbe3bb761d5,NA_SCI_YSI_6-8,I_13aaaaaa-aaaa-4aaa-a44a-978054488240
ff4845d8-5f6d-4f70-8db1-3bbe3bb761d5,NA_SCI_YSI_6-8,I_13aaaaaa-aaaa-4aaa-a4aa-978054488237
ff4845d8-5f6d-4f70-8db1-3bbe3bb761d5,NA_SCI_YSI_6-8,I_13aaaaaa-aaaa-4aaa-a4aa-978054488247
ff4845d8-5f6d-4f70-8db1-3bbe3bb761d5,NA_SCI_YSI_6-8,I_13aaaaaa-aaaa-4aaa-a42a-978054488226
ff4845d8-5f6d-4f70-8db1-3bbe3bb761d5,NA_SCI_YSI_6-8,I_13aaaaaa-aaaa-4aaa-a42a-978054488231
ff4845d8-5f6d-4f70-8db1-3bbe3bb761d5,NA_SCI_YSI_6-8,I_13aaaaaa-aaaa-4aaa-a42a-978054488236
ff4845d8-5f6d-4f70-8db1-3bbe3bb761d5,NA_SCI_YSI_6-8,I_13aaaaaa-aaaa-4aaa-a42a-978054488241
ff4845d8-5f6d-4f70-8db1-3bbe3bb761d5,NA_SCI_YSI_6-8,I_13aaaaaa-aaaa-4aaa-a44a-978054488245
ff4845d8-5f6d-4f70-8db1-3bbe3bb761d5,NA_SCI_YSI_6-8,I_13aaaaaa-aaaa-4aaa-a46a-978054488224
ff4845d8-5f6d-4f70-8db1-3bbe3bb761d5,NA_SCI_YSI_6-8,I_13aaaaaa-aaaa-4aaa-a46a-978054488229
ff4845d8-5f6d-4f70-8db1-3bbe3bb761d5,NA_SCI_YSI_6-8,I_13aaaaaa-aaaa-4aaa-a46a-978054488244
ff4845d8-5f6d-4f70-8db1-3bbe3bb761d5,NA_SCI_YSI_6-8,I_13aaaaaa-aaaa-4aaa-a48a-978054488228
ff4845d8-5f6d-4f70-8db1-3bbe3bb761d5,NA_SCI_YSI_6-8,I_13aaaaaa-aaaa-4aaa-a48a-978054488238
c04eec9c-861a-4c32-bdf0-1d9d1c33f4e3,NA_SCI_YSI_6-8,I_13aaaaaa-aaaa-4aaa-a3aa-978054488230
c04eec9c-861a-4c32-bdf0-1d9d1c33f4e3,NA_SCI_YSI_6-8,I_13aaaaaa-aaaa-4aaa-a3ea-978054488223
c04eec9c-861a-4c32-bdf0-1d9d1c33f4e3,NA_SCI_YSI_6-8,I_13aaaaaa-aaaa-4aaa-a3ea-978054488233
c04eec9c-861a-4c32-bdf0-1d9d1c33f4e3,NA_SCI_YSI_6-8,I_13aaaaaa-aaaa-4aaa-a40a-978054488227
c04eec9c-861a-4c32-bdf0-1d9d1c33f4e3,NA_SCI_YSI_6-8,I_13aaaaaa-aaaa-4aaa-a40a-978054488232
c04eec9c-861a-4c32-bdf0-1d9d1c33f4e3,NA_SCI_YSI_6-8,I_13aaaaaa-aaaa-4aaa-a40a-978054488242
c04eec9c-861a-4c32-bdf0-1d9d1c33f4e3,NA_SCI_YSI_6-8,I_13aaaaaa-aaaa-4aaa-a42a-978054488226
c04eec9c-861a-4c32-bdf0-1d9d1c33f4e3,NA_SCI_YSI_6-8,I_13aaaaaa-aaaa-4aaa-a3ea-978054488243
c04eec9c-861a-4c32-bdf0-1d9d1c33f4e3,NA_SCI_YSI_6-8,I_13aaaaaa-aaaa-4aaa-a42a-978054488246
c04eec9c-861a-4c32-bdf0-1d9d1c33f4e3,NA_SCI_YSI_6-8,I_13aaaaaa-aaaa-4aaa-a44a-978054488245
c04eec9c-861a-4c32-bdf0-1d9d1c33f4e3,NA_SCI_YSI_6-8,I_13aaaaaa-aaaa-4aaa-a46a-978054488224
c04eec9c-861a-4c32-bdf0-1d9d1c33f4e3,NA_SCI_YSI_6-8,I_13aaaaaa-aaaa-4aaa-a46a-978054488229
c04eec9c-861a-4c32-bdf0-1d9d1c33f4e3,NA_SCI_YSI_6-8,I_13aaaaaa-aaaa-4aaa-a48a-978054488228
c04eec9c-861a-4c32-bdf0-1d9d1c33f4e3,NA_SCI_YSI_6-8,I_13aaaaaa-aaaa-4aaa-a48a-978054488238
06ec0a25-16b6-4cec-9739-175fcff0ae93,NA_SCI_YSI_6-8,I_13aaaaaa-aaaa-4aaa-a42a-978054488231
06ec0a25-16b6-4cec-9739-175fcff0ae93,NA_SCI_YSI_6-8,I_13aaaaaa-aaaa-4aaa-a42a-978054488236
06ec0a25-16b6-4cec-9739-175fcff0ae93,NA_SCI_YSI_6-8,I_13aaaaaa-aaaa-4aaa-a42a-978054488241
047fc4be-c0c7-4302-b595-6486ad8ea35c,NA_SCI_YSI_6-8,I_13aaaaaa-aaaa-4aaa-a44a-978054488240
047fc4be-c0c7-4302-b595-6486ad8ea35c,NA_SCI_YSI_6-8,I_13aaaaaa-aaaa-4aaa-a46a-978054488234
047fc4be-c0c7-4302-b595-6486ad8ea35c,NA_SCI_YSI_6-8,I_13aaaaaa-aaaa-4aaa-a46a-978054488239
047fc4be-c0c7-4302-b595-6486ad8ea35c,NA_SCI_YSI_6-8,I_13aaaaaa-aaaa-4aaa-a48a-978054488228
c04eec9c-861a-4c32-bdf0-1d9d1c33f4e3,NA_SCI_YSI_6-8,I_13aaaaaa-aaaa-4aaa-a42a-978054488231
c04eec9c-861a-4c32-bdf0-1d9d1c33f4e3,NA_SCI_YSI_6-8,I_13aaaaaa-aaaa-4aaa-a46a-978054488234
c04eec9c-861a-4c32-bdf0-1d9d1c33f4e3,NA_SCI_YSI_6-8,I_13aaaaaa-aaaa-4aaa-a46a-978054488239
c04eec9c-861a-4c32-bdf0-1d9d1c33f4e3,NA_SCI_YSI_6-8,I_13aaaaaa-aaaa-4aaa-a46a-978054488244
c04eec9c-861a-4c32-bdf0-1d9d1c33f4e3,NA_SCI_YSI_6-8,I_13aaaaaa-aaaa-4aaa-a42a-978054488236
c04eec9c-861a-4c32-bdf0-1d9d1c33f4e3,NA_SCI_YSI_6-8,I_13aaaaaa-aaaa-4aaa-a42a-978054488241
c04eec9c-861a-4c32-bdf0-1d9d1c33f4e3,NA_SCI_YSI_6-8,I_13aaaaaa-aaaa-4aaa-a44a-978054488235
c04eec9c-861a-4c32-bdf0-1d9d1c33f4e3,NA_SCI_YSI_6-8,I_13aaaaaa-aaaa-4aaa-a44a-978054488240
c04eec9c-861a-4c32-bdf0-1d9d1c33f4e3,NA_SCI_YSI_6-8,I_13aaaaaa-aaaa-4aaa-a4aa-978054488237
c04eec9c-861a-4c32-bdf0-1d9d1c33f4e3,NA_SCI_YSI_6-8,I_13aaaaaa-aaaa-4aaa-a4aa-978054488247
4ef8df7b-7ebd-4d6f-863f-cd74d5b5db9c,NA_SCI_YSI_6-8,I_13aaaaaa-aaaa-4aaa-a44a-978054488240
4ef8df7b-7ebd-4d6f-863f-cd74d5b5db9c,NA_SCI_YSI_6-8,I_13aaaaaa-aaaa-4aaa-a46a-978054488234
8399904d-13a6-4760-8242-f2fbef50f203,NA_SCI_YSI_6-8,I_13aaaaaa-aaaa-4aaa-a44a-978054488235
8399904d-13a6-4760-8242-f2fbef50f203,NA_SCI_YSI_6-8,I_13aaaaaa-aaaa-4aaa-a44a-978054488240
8399904d-13a6-4760-8242-f2fbef50f203,NA_SCI_YSI_6-8,I_13aaaaaa-aaaa-4aaa-a4aa-978054488237
8399904d-13a6-4760-8242-f2fbef50f203,NA_SCI_YSI_6-8,I_13aaaaaa-aaaa-4aaa-a3ea-978054488243
8399904d-13a6-4760-8242-f2fbef50f203,NA_SCI_YSI_6-8,I_13aaaaaa-aaaa-4aaa-a40a-978054488227
4ef8df7b-7ebd-4d6f-863f-cd74d5b5db9c,NA_SCI_YSI_6-8,I_13aaaaaa-aaaa-4aaa-a46a-978054488239
4ef8df7b-7ebd-4d6f-863f-cd74d5b5db9c,NA_SCI_YSI_6-8,I_13aaaaaa-aaaa-4aaa-a48a-978054488228
8399904d-13a6-4760-8242-f2fbef50f203,NA_SCI_YSI_6-8,I_13aaaaaa-aaaa-4aaa-a44a-978054488245
8399904d-13a6-4760-8242-f2fbef50f203,NA_SCI_YSI_6-8,I_13aaaaaa-aaaa-4aaa-a46a-978054488224
8399904d-13a6-4760-8242-f2fbef50f203,NA_SCI_YSI_6-8,I_13aaaaaa-aaaa-4aaa-a46a-978054488229
8399904d-13a6-4760-8242-f2fbef50f203,NA_SCI_YSI_6-8,I_13aaaaaa-aaaa-4aaa-a46a-978054488234
8399904d-13a6-4760-8242-f2fbef50f203,NA_SCI_YSI_6-8,I_13aaaaaa-aaaa-4aaa-a46a-978054488239
8399904d-13a6-4760-8242-f2fbef50f203,NA_SCI_YSI_6-8,I_13aaaaaa-aaaa-4aaa-a46a-978054488244
8399904d-13a6-4760-8242-f2fbef50f203,NA_SCI_YSI_6-8,I_13aaaaaa-aaaa-4aaa-a48a-978054488228
8399904d-13a6-4760-8242-f2fbef50f203,NA_SCI_YSI_6-8,I_13aaaaaa-aaaa-4aaa-a4aa-978054488247
8399904d-13a6-4760-8242-f2fbef50f203,NA_SCI_YSI_6-8,I_13aaaaaa-aaaa-4aaa-a3ea-978054488233
4ef8df7b-7ebd-4d6f-863f-cd74d5b5db9c,NA_SCI_YSI_6-8,I_13aaaaaa-aaaa-4aaa-a3ea-978054488223
4ef8df7b-7ebd-4d6f-863f-cd74d5b5db9c,NA_SCI_YSI_6-8,I_13aaaaaa-aaaa-4aaa-a40a-978054488227
4ef8df7b-7ebd-4d6f-863f-cd74d5b5db9c,NA_SCI_YSI_6-8,I_13aaaaaa-aaaa-4aaa-a42a-978054488236
4ef8df7b-7ebd-4d6f-863f-cd74d5b5db9c,NA_SCI_YSI_6-8,I_13aaaaaa-aaaa-4aaa-a42a-978054488246
a61446fd-1e60-4b98-88b2-03de3bf3ffc4,NA_SCI_YSI_6-8,I_13aaaaaa-aaaa-4aaa-a42a-978054488246
a61446fd-1e60-4b98-88b2-03de3bf3ffc4,NA_SCI_YSI_6-8,I_13aaaaaa-aaaa-4aaa-a44a-978054488235
a61446fd-1e60-4b98-88b2-03de3bf3ffc4,NA_SCI_YSI_6-8,I_13aaaaaa-aaaa-4aaa-a44a-978054488240
a61446fd-1e60-4b98-88b2-03de3bf3ffc4,NA_SCI_YSI_6-8,I_13aaaaaa-aaaa-4aaa-a46a-978054488239
a61446fd-1e60-4b98-88b2-03de3bf3ffc4,NA_SCI_YSI_6-8,I_13aaaaaa-aaaa-4aaa-a46a-978054488244
a61446fd-1e60-4b98-88b2-03de3bf3ffc4,NA_SCI_YSI_6-8,I_13aaaaaa-aaaa-4aaa-a48a-978054488228
a61446fd-1e60-4b98-88b2-03de3bf3ffc4,NA_SCI_YSI_6-8,I_13aaaaaa-aaaa-4aaa-a48a-978054488238
a61446fd-1e60-4b98-88b2-03de3bf3ffc4,NA_SCI_YSI_6-8,I_13aaaaaa-aaaa-4aaa-a4aa-978054488237
8399904d-13a6-4760-8242-f2fbef50f203,NA_SCI_YSI_6-8,I_13aaaaaa-aaaa-4aaa-a3aa-978054488230
8399904d-13a6-4760-8242-f2fbef50f203,NA_SCI_YSI_6-8,I_13aaaaaa-aaaa-4aaa-a3ea-978054488223
8399904d-13a6-4760-8242-f2fbef50f203,NA_SCI_YSI_6-8,I_13aaaaaa-aaaa-4aaa-a40a-978054488232
8399904d-13a6-4760-8242-f2fbef50f203,NA_SCI_YSI_6-8,I_13aaaaaa-aaaa-4aaa-a40a-978054488242
8399904d-13a6-4760-8242-f2fbef50f203,NA_SCI_YSI_6-8,I_13aaaaaa-aaaa-4aaa-a42a-978054488226
8399904d-13a6-4760-8242-f2fbef50f203,NA_SCI_YSI_6-8,I_13aaaaaa-aaaa-4aaa-a42a-978054488231
8399904d-13a6-4760-8242-f2fbef50f203,NA_SCI_YSI_6-8,I_13aaaaaa-aaaa-4aaa-a42a-978054488236
8399904d-13a6-4760-8242-f2fbef50f203,NA_SCI_YSI_6-8,I_13aaaaaa-aaaa-4aaa-a42a-978054488241
8399904d-13a6-4760-8242-f2fbef50f203,NA_SCI_YSI_6-8,I_13aaaaaa-aaaa-4aaa-a42a-978054488246
8399904d-13a6-4760-8242-f2fbef50f203,NA_SCI_YSI_6-8,I_13aaaaaa-aaaa-4aaa-a48a-978054488238
0962b7f6-348a-4e53-96f2-d737fbd2234f,NA_SCI_YSI_6-8,I_13aaaaaa-aaaa-4aaa-a42a-978054488246
0962b7f6-348a-4e53-96f2-d737fbd2234f,NA_SCI_YSI_6-8,I_13aaaaaa-aaaa-4aaa-a3ea-978054488223
0962b7f6-348a-4e53-96f2-d737fbd2234f,NA_SCI_YSI_6-8,I_13aaaaaa-aaaa-4aaa-a40a-978054488227
0962b7f6-348a-4e53-96f2-d737fbd2234f,NA_SCI_YSI_6-8,I_13aaaaaa-aaaa-4aaa-a42a-978054488236
0962b7f6-348a-4e53-96f2-d737fbd2234f,NA_SCI_YSI_6-8,I_13aaaaaa-aaaa-4aaa-a44a-978054488240
0962b7f6-348a-4e53-96f2-d737fbd2234f,NA_SCI_YSI_6-8,I_13aaaaaa-aaaa-4aaa-a46a-978054488234
0962b7f6-348a-4e53-96f2-d737fbd2234f,NA_SCI_YSI_6-8,I_13aaaaaa-aaaa-4aaa-a46a-978054488239
0962b7f6-348a-4e53-96f2-d737fbd2234f,NA_SCI_YSI_6-8,I_13aaaaaa-aaaa-4aaa-a48a-978054488228
a61446fd-1e60-4b98-88b2-03de3bf3ffc4,NA_SCI_YSI_6-8,I_13aaaaaa-aaaa-4aaa-a44a-978054488245
a61446fd-1e60-4b98-88b2-03de3bf3ffc4,NA_SCI_YSI_6-8,I_13aaaaaa-aaaa-4aaa-a46a-978054488224
a61446fd-1e60-4b98-88b2-03de3bf3ffc4,NA_SCI_YSI_6-8,I_13aaaaaa-aaaa-4aaa-a46a-978054488229
a61446fd-1e60-4b98-88b2-03de3bf3ffc4,NA_SCI_YSI_6-8,I_13aaaaaa-aaaa-4aaa-a3aa-978054488230
a61446fd-1e60-4b98-88b2-03de3bf3ffc4,NA_SCI_YSI_6-8,I_13aaaaaa-aaaa-4aaa-a3ea-978054488243
a61446fd-1e60-4b98-88b2-03de3bf3ffc4,NA_SCI_YSI_6-8,I_13aaaaaa-aaaa-4aaa-a40a-978054488227
a61446fd-1e60-4b98-88b2-03de3bf3ffc4,NA_SCI_YSI_6-8,I_13aaaaaa-aaaa-4aaa-a40a-978054488232
a61446fd-1e60-4b98-88b2-03de3bf3ffc4,NA_SCI_YSI_6-8,I_13aaaaaa-aaaa-4aaa-a40a-978054488242
a61446fd-1e60-4b98-88b2-03de3bf3ffc4,NA_SCI_YSI_6-8,I_13aaaaaa-aaaa-4aaa-a42a-978054488226
a61446fd-1e60-4b98-88b2-03de3bf3ffc4,NA_SCI_YSI_6-8,I_13aaaaaa-aaaa-4aaa-a42a-978054488231
a61446fd-1e60-4b98-88b2-03de3bf3ffc4,NA_SCI_YSI_6-8,I_13aaaaaa-aaaa-4aaa-a42a-978054488236
a61446fd-1e60-4b98-88b2-03de3bf3ffc4,NA_SCI_YSI_6-8,I_13aaaaaa-aaaa-4aaa-a42a-978054488241
a61446fd-1e60-4b98-88b2-03de3bf3ffc4,NA_SCI_YSI_6-8,I_13aaaaaa-aaaa-4aaa-a46a-978054488234
a61446fd-1e60-4b98-88b2-03de3bf3ffc4,NA_SCI_YSI_6-8,I_13aaaaaa-aaaa-4aaa-a4aa-978054488247
a61446fd-1e60-4b98-88b2-03de3bf3ffc4,NA_SCI_YSI_6-8,I_13aaaaaa-aaaa-4aaa-a3ea-978054488223
a61446fd-1e60-4b98-88b2-03de3bf3ffc4,NA_SCI_YSI_6-8,I_13aaaaaa-aaaa-4aaa-a3ea-978054488233
4536c659-8900-441f-9fd0-92f5e73ff5fa,NA_SCI_YSI_6-8,I_13aaaaaa-aaaa-4aaa-a44a-978054488235
4536c659-8900-441f-9fd0-92f5e73ff5fa,NA_SCI_YSI_6-8,I_13aaaaaa-aaaa-4aaa-a44a-978054488240
4536c659-8900-441f-9fd0-92f5e73ff5fa,NA_SCI_YSI_6-8,I_13aaaaaa-aaaa-4aaa-a46a-978054488229
047fc4be-c0c7-4302-b595-6486ad8ea35c,NA_SCI_YSI_6-8,I_13aaaaaa-aaaa-4aaa-a3ea-978054488223
047fc4be-c0c7-4302-b595-6486ad8ea35c,NA_SCI_YSI_6-8,I_13aaaaaa-aaaa-4aaa-a40a-978054488227
047fc4be-c0c7-4302-b595-6486ad8ea35c,NA_SCI_YSI_6-8,I_13aaaaaa-aaaa-4aaa-a42a-978054488236
047fc4be-c0c7-4302-b595-6486ad8ea35c,NA_SCI_YSI_6-8,I_13aaaaaa-aaaa-4aaa-a42a-978054488246
4536c659-8900-441f-9fd0-92f5e73ff5fa,NA_SCI_YSI_6-8,I_13aaaaaa-aaaa-4aaa-a3ea-978054488223
4536c659-8900-441f-9fd0-92f5e73ff5fa,NA_SCI_YSI_6-8,I_13aaaaaa-aaaa-4aaa-a3ea-978054488233
4536c659-8900-441f-9fd0-92f5e73ff5fa,NA_SCI_YSI_6-8,I_13aaaaaa-aaaa-4aaa-a3ea-978054488243
4536c659-8900-441f-9fd0-92f5e73ff5fa,NA_SCI_YSI_6-8,I_13aaaaaa-aaaa-4aaa-a40a-978054488227
4536c659-8900-441f-9fd0-92f5e73ff5fa,NA_SCI_YSI_6-8,I_13aaaaaa-aaaa-4aaa-a40a-978054488232
4536c659-8900-441f-9fd0-92f5e73ff5fa,NA_SCI_YSI_6-8,I_13aaaaaa-aaaa-4aaa-a46a-978054488224
4536c659-8900-441f-9fd0-92f5e73ff5fa,NA_SCI_YSI_6-8,I_13aaaaaa-aaaa-4aaa-a46a-978054488234
4536c659-8900-441f-9fd0-92f5e73ff5fa,NA_SCI_YSI_6-8,I_13aaaaaa-aaaa-4aaa-a46a-978054488239
40620409-d645-4f0e-9cb6-4bb0c37bfc07,NA_SCI_YSI_6-8,I_13aaaaaa-aaaa-4aaa-a3ea-978054488243
40620409-d645-4f0e-9cb6-4bb0c37bfc07,NA_SCI_YSI_6-8,I_13aaaaaa-aaaa-4aaa-a40a-978054488227
40620409-d645-4f0e-9cb6-4bb0c37bfc07,NA_SCI_YSI_6-8,I_13aaaaaa-aaaa-4aaa-a40a-978054488232
40620409-d645-4f0e-9cb6-4bb0c37bfc07,NA_SCI_YSI_6-8,I_13aaaaaa-aaaa-4aaa-a44a-978054488235
40620409-d645-4f0e-9cb6-4bb0c37bfc07,NA_SCI_YSI_6-8,I_13aaaaaa-aaaa-4aaa-a44a-978054488240
40620409-d645-4f0e-9cb6-4bb0c37bfc07,NA_SCI_YSI_6-8,I_13aaaaaa-aaaa-4aaa-a46a-978054488224
40620409-d645-4f0e-9cb6-4bb0c37bfc07,NA_SCI_YSI_6-8,I_13aaaaaa-aaaa-4aaa-a4aa-978054488247
40620409-d645-4f0e-9cb6-4bb0c37bfc07,NA_SCI_YSI_6-8,I_13aaaaaa-aaaa-4aaa-a3aa-978054488230
40620409-d645-4f0e-9cb6-4bb0c37bfc07,NA_SCI_YSI_6-8,I_13aaaaaa-aaaa-4aaa-a3ea-978054488223
40620409-d645-4f0e-9cb6-4bb0c37bfc07,NA_SCI_YSI_6-8,I_13aaaaaa-aaaa-4aaa-a3ea-978054488233
40620409-d645-4f0e-9cb6-4bb0c37bfc07,NA_SCI_YSI_6-8,I_13aaaaaa-aaaa-4aaa-a40a-978054488242
40620409-d645-4f0e-9cb6-4bb0c37bfc07,NA_SCI_YSI_6-8,I_13aaaaaa-aaaa-4aaa-a42a-978054488226
40620409-d645-4f0e-9cb6-4bb0c37bfc07,NA_SCI_YSI_6-8,I_13aaaaaa-aaaa-4aaa-a42a-978054488231
40620409-d645-4f0e-9cb6-4bb0c37bfc07,NA_SCI_YSI_6-8,I_13aaaaaa-aaaa-4aaa-a42a-978054488236
40620409-d645-4f0e-9cb6-4bb0c37bfc07,NA_SCI_YSI_6-8,I_13aaaaaa-aaaa-4aaa-a42a-978054488241
40620409-d645-4f0e-9cb6-4bb0c37bfc07,NA_SCI_YSI_6-8,I_13aaaaaa-aaaa-4aaa-a42a-978054488246
40620409-d645-4f0e-9cb6-4bb0c37bfc07,NA_SCI_YSI_6-8,I_13aaaaaa-aaaa-4aaa-a44a-978054488245
40620409-d645-4f0e-9cb6-4bb0c37bfc07,NA_SCI_YSI_6-8,I_13aaaaaa-aaaa-4aaa-a46a-978054488229
40620409-d645-4f0e-9cb6-4bb0c37bfc07,NA_SCI_YSI_6-8,I_13aaaaaa-aaaa-4aaa-a46a-978054488234
40620409-d645-4f0e-9cb6-4bb0c37bfc07,NA_SCI_YSI_6-8,I_13aaaaaa-aaaa-4aaa-a46a-978054488239
40620409-d645-4f0e-9cb6-4bb0c37bfc07,NA_SCI_YSI_6-8,I_13aaaaaa-aaaa-4aaa-a46a-978054488244
40620409-d645-4f0e-9cb6-4bb0c37bfc07,NA_SCI_YSI_6-8,I_13aaaaaa-aaaa-4aaa-a48a-978054488228
40620409-d645-4f0e-9cb6-4bb0c37bfc07,NA_SCI_YSI_6-8,I_13aaaaaa-aaaa-4aaa-a48a-978054488238
40620409-d645-4f0e-9cb6-4bb0c37bfc07,NA_SCI_YSI_6-8,I_13aaaaaa-aaaa-4aaa-a4aa-978054488237
4849be59-92e1-47ae-8521-198b04673006,NA_SCI_YSI_6-8,I_13aaaaaa-aaaa-4aaa-a3aa-978054488230
4849be59-92e1-47ae-8521-198b04673006,NA_SCI_YSI_6-8,I_13aaaaaa-aaaa-4aaa-a40a-978054488227
4849be59-92e1-47ae-8521-198b04673006,NA_SCI_YSI_6-8,I_13aaaaaa-aaaa-4aaa-a40a-978054488232
4849be59-92e1-47ae-8521-198b04673006,NA_SCI_YSI_6-8,I_13aaaaaa-aaaa-4aaa-a40a-978054488242
4849be59-92e1-47ae-8521-198b04673006,NA_SCI_YSI_6-8,I_13aaaaaa-aaaa-4aaa-a42a-978054488226
4849be59-92e1-47ae-8521-198b04673006,NA_SCI_YSI_6-8,I_13aaaaaa-aaaa-4aaa-a44a-978054488245
4849be59-92e1-47ae-8521-198b04673006,NA_SCI_YSI_6-8,I_13aaaaaa-aaaa-4aaa-a4aa-978054488237
4849be59-92e1-47ae-8521-198b04673006,NA_SCI_YSI_6-8,I_13aaaaaa-aaaa-4aaa-a4aa-978054488247
bb53418c-0662-4639-bd88-193ea076110a,NA_SCI_YSI_6-8,I_13aaaaaa-aaaa-4aaa-a3aa-978054488230
bb53418c-0662-4639-bd88-193ea076110a,NA_SCI_YSI_6-8,I_13aaaaaa-aaaa-4aaa-a3ea-978054488223
4849be59-92e1-47ae-8521-198b04673006,NA_SCI_YSI_6-8,I_13aaaaaa-aaaa-4aaa-a3ea-978054488223
4849be59-92e1-47ae-8521-198b04673006,NA_SCI_YSI_6-8,I_13aaaaaa-aaaa-4aaa-a3ea-978054488233
4849be59-92e1-47ae-8521-198b04673006,NA_SCI_YSI_6-8,I_13aaaaaa-aaaa-4aaa-a3ea-978054488243
4849be59-92e1-47ae-8521-198b04673006,NA_SCI_YSI_6-8,I_13aaaaaa-aaaa-4aaa-a42a-978054488231
4849be59-92e1-47ae-8521-198b04673006,NA_SCI_YSI_6-8,I_13aaaaaa-aaaa-4aaa-a42a-978054488236
4849be59-92e1-47ae-8521-198b04673006,NA_SCI_YSI_6-8,I_13aaaaaa-aaaa-4aaa-a42a-978054488241
4849be59-92e1-47ae-8521-198b04673006,NA_SCI_YSI_6-8,I_13aaaaaa-aaaa-4aaa-a42a-978054488246
4849be59-92e1-47ae-8521-198b04673006,NA_SCI_YSI_6-8,I_13aaaaaa-aaaa-4aaa-a44a-978054488235
4849be59-92e1-47ae-8521-198b04673006,NA_SCI_YSI_6-8,I_13aaaaaa-aaaa-4aaa-a44a-978054488240
4849be59-92e1-47ae-8521-198b04673006,NA_SCI_YSI_6-8,I_13aaaaaa-aaaa-4aaa-a46a-978054488224
4849be59-92e1-47ae-8521-198b04673006,NA_SCI_YSI_6-8,I_13aaaaaa-aaaa-4aaa-a46a-978054488229
4849be59-92e1-47ae-8521-198b04673006,NA_SCI_YSI_6-8,I_13aaaaaa-aaaa-4aaa-a46a-978054488234
4849be59-92e1-47ae-8521-198b04673006,NA_SCI_YSI_6-8,I_13aaaaaa-aaaa-4aaa-a46a-978054488239
4849be59-92e1-47ae-8521-198b04673006,NA_SCI_YSI_6-8,I_13aaaaaa-aaaa-4aaa-a46a-978054488244
4849be59-92e1-47ae-8521-198b04673006,NA_SCI_YSI_6-8,I_13aaaaaa-aaaa-4aaa-a48a-978054488228
4849be59-92e1-47ae-8521-198b04673006,NA_SCI_YSI_6-8,I_13aaaaaa-aaaa-4aaa-a48a-978054488238
bb53418c-0662-4639-bd88-193ea076110a,NA_SCI_YSI_6-8,I_13aaaaaa-aaaa-4aaa-a3ea-978054488233
bb53418c-0662-4639-bd88-193ea076110a,NA_SCI_YSI_6-8,I_13aaaaaa-aaaa-4aaa-a3ea-978054488243
bb53418c-0662-4639-bd88-193ea076110a,NA_SCI_YSI_6-8,I_13aaaaaa-aaaa-4aaa-a42a-978054488231
bb53418c-0662-4639-bd88-193ea076110a,NA_SCI_YSI_6-8,I_13aaaaaa-aaaa-4aaa-a44a-978054488240
bb53418c-0662-4639-bd88-193ea076110a,NA_SCI_YSI_6-8,I_13aaaaaa-aaaa-4aaa-a40a-978054488227
bb53418c-0662-4639-bd88-193ea076110a,NA_SCI_YSI_6-8,I_13aaaaaa-aaaa-4aaa-a40a-978054488232
bb53418c-0662-4639-bd88-193ea076110a,NA_SCI_YSI_6-8,I_13aaaaaa-aaaa-4aaa-a40a-978054488242
bb53418c-0662-4639-bd88-193ea076110a,NA_SCI_YSI_6-8,I_13aaaaaa-aaaa-4aaa-a42a-978054488226
bb53418c-0662-4639-bd88-193ea076110a,NA_SCI_YSI_6-8,I_13aaaaaa-aaaa-4aaa-a42a-978054488236
bb53418c-0662-4639-bd88-193ea076110a,NA_SCI_YSI_6-8,I_13aaaaaa-aaaa-4aaa-a42a-978054488241
bb53418c-0662-4639-bd88-193ea076110a,NA_SCI_YSI_6-8,I_13aaaaaa-aaaa-4aaa-a42a-978054488246
bb53418c-0662-4639-bd88-193ea076110a,NA_SCI_YSI_6-8,I_13aaaaaa-aaaa-4aaa-a44a-978054488235
bb53418c-0662-4639-bd88-193ea076110a,NA_SCI_YSI_6-8,I_13aaaaaa-aaaa-4aaa-a46a-978054488229
bb53418c-0662-4639-bd88-193ea076110a,NA_SCI_YSI_6-8,I_13aaaaaa-aaaa-4aaa-a48a-978054488228
bb53418c-0662-4639-bd88-193ea076110a,NA_SCI_YSI_6-8,I_13aaaaaa-aaaa-4aaa-a44a-978054488245
bb53418c-0662-4639-bd88-193ea076110a,NA_SCI_YSI_6-8,I_13aaaaaa-aaaa-4aaa-a46a-978054488224
bb53418c-0662-4639-bd88-193ea076110a,NA_SCI_YSI_6-8,I_13aaaaaa-aaaa-4aaa-a46a-978054488234
bb53418c-0662-4639-bd88-193ea076110a,NA_SCI_YSI_6-8,I_13aaaaaa-aaaa-4aaa-a46a-978054488239
bb53418c-0662-4639-bd88-193ea076110a,NA_SCI_YSI_6-8,I_13aaaaaa-aaaa-4aaa-a46a-978054488244
bb53418c-0662-4639-bd88-193ea076110a,NA_SCI_YSI_6-8,I_13aaaaaa-aaaa-4aaa-a48a-978054488238
bb53418c-0662-4639-bd88-193ea076110a,NA_SCI_YSI_6-8,I_13aaaaaa-aaaa-4aaa-a4aa-978054488237
bb53418c-0662-4639-bd88-193ea076110a,NA_SCI_YSI_6-8,I_13aaaaaa-aaaa-4aaa-a4aa-978054488247
4536c659-8900-441f-9fd0-92f5e73ff5fa,NA_SCI_YSI_6-8,I_13aaaaaa-aaaa-4aaa-a3aa-978054488230
4536c659-8900-441f-9fd0-92f5e73ff5fa,NA_SCI_YSI_6-8,I_13aaaaaa-aaaa-4aaa-a42a-978054488236
4536c659-8900-441f-9fd0-92f5e73ff5fa,NA_SCI_YSI_6-8,I_13aaaaaa-aaaa-4aaa-a42a-978054488241
4536c659-8900-441f-9fd0-92f5e73ff5fa,NA_SCI_YSI_6-8,I_13aaaaaa-aaaa-4aaa-a44a-978054488245
06ec0a25-16b6-4cec-9739-175fcff0ae93,NA_SCI_YSI_6-8,I_13aaaaaa-aaaa-4aaa-a40a-978054488242
06ec0a25-16b6-4cec-9739-175fcff0ae93,NA_SCI_YSI_6-8,I_13aaaaaa-aaaa-4aaa-a42a-978054488226
06ec0a25-16b6-4cec-9739-175fcff0ae93,NA_SCI_YSI_6-8,I_13aaaaaa-aaaa-4aaa-a42a-978054488246
06ec0a25-16b6-4cec-9739-175fcff0ae93,NA_SCI_YSI_6-8,I_13aaaaaa-aaaa-4aaa-a44a-978054488235
06ec0a25-16b6-4cec-9739-175fcff0ae93,NA_SCI_YSI_6-8,I_13aaaaaa-aaaa-4aaa-a44a-978054488240
06ec0a25-16b6-4cec-9739-175fcff0ae93,NA_SCI_YSI_6-8,I_13aaaaaa-aaaa-4aaa-a44a-978054488245
4536c659-8900-441f-9fd0-92f5e73ff5fa,NA_SCI_YSI_6-8,I_13aaaaaa-aaaa-4aaa-a40a-978054488242
4536c659-8900-441f-9fd0-92f5e73ff5fa,NA_SCI_YSI_6-8,I_13aaaaaa-aaaa-4aaa-a42a-978054488226
4536c659-8900-441f-9fd0-92f5e73ff5fa,NA_SCI_YSI_6-8,I_13aaaaaa-aaaa-4aaa-a42a-978054488231
4536c659-8900-441f-9fd0-92f5e73ff5fa,NA_SCI_YSI_6-8,I_13aaaaaa-aaaa-4aaa-a42a-978054488246
4536c659-8900-441f-9fd0-92f5e73ff5fa,NA_SCI_YSI_6-8,I_13aaaaaa-aaaa-4aaa-a46a-978054488244
4536c659-8900-441f-9fd0-92f5e73ff5fa,NA_SCI_YSI_6-8,I_13aaaaaa-aaaa-4aaa-a48a-978054488228
4536c659-8900-441f-9fd0-92f5e73ff5fa,NA_SCI_YSI_6-8,I_13aaaaaa-aaaa-4aaa-a48a-978054488238
4536c659-8900-441f-9fd0-92f5e73ff5fa,NA_SCI_YSI_6-8,I_13aaaaaa-aaaa-4aaa-a4aa-978054488237
4536c659-8900-441f-9fd0-92f5e73ff5fa,NA_SCI_YSI_6-8,I_13aaaaaa-aaaa-4aaa-a4aa-978054488247
06ec0a25-16b6-4cec-9739-175fcff0ae93,NA_SCI_YSI_6-8,I_13aaaaaa-aaaa-4aaa-a3ea-978054488243
06ec0a25-16b6-4cec-9739-175fcff0ae93,NA_SCI_YSI_6-8,I_13aaaaaa-aaaa-4aaa-a3ea-978054488233
06ec0a25-16b6-4cec-9739-175fcff0ae93,NA_SCI_YSI_6-8,I_13aaaaaa-aaaa-4aaa-a40a-978054488227
06ec0a25-16b6-4cec-9739-175fcff0ae93,NA_SCI_YSI_6-8,I_13aaaaaa-aaaa-4aaa-a40a-978054488232
06ec0a25-16b6-4cec-9739-175fcff0ae93,NA_SCI_YSI_6-8,I_13aaaaaa-aaaa-4aaa-a46a-978054488224
06ec0a25-16b6-4cec-9739-175fcff0ae93,NA_SCI_YSI_6-8,I_13aaaaaa-aaaa-4aaa-a46a-978054488229
06ec0a25-16b6-4cec-9739-175fcff0ae93,NA_SCI_YSI_6-8,I_13aaaaaa-aaaa-4aaa-a46a-978054488234
06ec0a25-16b6-4cec-9739-175fcff0ae93,NA_SCI_YSI_6-8,I_13aaaaaa-aaaa-4aaa-a46a-978054488239
06ec0a25-16b6-4cec-9739-175fcff0ae93,NA_SCI_YSI_6-8,I_13aaaaaa-aaaa-4aaa-a46a-978054488244
06ec0a25-16b6-4cec-9739-175fcff0ae93,NA_SCI_YSI_6-8,I_13aaaaaa-aaaa-4aaa-a48a-978054488238
06ec0a25-16b6-4cec-9739-175fcff0ae93,NA_SCI_YSI_6-8,I_13aaaaaa-aaaa-4aaa-a4aa-978054488237
06ec0a25-16b6-4cec-9739-175fcff0ae93,NA_SCI_YSI_6-8,I_13aaaaaa-aaaa-4aaa-a4aa-978054488247
dc12f4c2-1516-4904-ab6b-f1d40e6bdb6a,NA_SCI_YSI_6-8,I_13aaaaaa-aaaa-4aaa-a3aa-978054488230
dc12f4c2-1516-4904-ab6b-f1d40e6bdb6a,NA_SCI_YSI_6-8,I_13aaaaaa-aaaa-4aaa-a3ea-978054488223
dc12f4c2-1516-4904-ab6b-f1d40e6bdb6a,NA_SCI_YSI_6-8,I_13aaaaaa-aaaa-4aaa-a3ea-978054488233
dc12f4c2-1516-4904-ab6b-f1d40e6bdb6a,NA_SCI_YSI_6-8,I_13aaaaaa-aaaa-4aaa-a3ea-978054488243
dc12f4c2-1516-4904-ab6b-f1d40e6bdb6a,NA_SCI_YSI_6-8,I_13aaaaaa-aaaa-4aaa-a40a-978054488227
dc12f4c2-1516-4904-ab6b-f1d40e6bdb6a,NA_SCI_YSI_6-8,I_13aaaaaa-aaaa-4aaa-a40a-978054488232
dc12f4c2-1516-4904-ab6b-f1d40e6bdb6a,NA_SCI_YSI_6-8,I_13aaaaaa-aaaa-4aaa-a48a-978054488238
dc12f4c2-1516-4904-ab6b-f1d40e6bdb6a,NA_SCI_YSI_6-8,I_13aaaaaa-aaaa-4aaa-a40a-978054488242
dc12f4c2-1516-4904-ab6b-f1d40e6bdb6a,NA_SCI_YSI_6-8,I_13aaaaaa-aaaa-4aaa-a42a-978054488226
dc12f4c2-1516-4904-ab6b-f1d40e6bdb6a,NA_SCI_YSI_6-8,I_13aaaaaa-aaaa-4aaa-a42a-978054488231
dc12f4c2-1516-4904-ab6b-f1d40e6bdb6a,NA_SCI_YSI_6-8,I_13aaaaaa-aaaa-4aaa-a42a-978054488236
dc12f4c2-1516-4904-ab6b-f1d40e6bdb6a,NA_SCI_YSI_6-8,I_13aaaaaa-aaaa-4aaa-a42a-978054488241
dc12f4c2-1516-4904-ab6b-f1d40e6bdb6a,NA_SCI_YSI_6-8,I_13aaaaaa-aaaa-4aaa-a42a-978054488246
dc12f4c2-1516-4904-ab6b-f1d40e6bdb6a,NA_SCI_YSI_6-8,I_13aaaaaa-aaaa-4aaa-a44a-978054488235
dc12f4c2-1516-4904-ab6b-f1d40e6bdb6a,NA_SCI_YSI_6-8,I_13aaaaaa-aaaa-4aaa-a44a-978054488240
dc12f4c2-1516-4904-ab6b-f1d40e6bdb6a,NA_SCI_YSI_6-8,I_13aaaaaa-aaaa-4aaa-a44a-978054488245
ebb9f4b1-5257-4b21-a116-51275949d3b4,NA_SCI_YSI_6-8,I_13aaaaaa-aaaa-4aaa-a40a-978054488232
ebb9f4b1-5257-4b21-a116-51275949d3b4,NA_SCI_YSI_6-8,I_13aaaaaa-aaaa-4aaa-a42a-978054488226
ebb9f4b1-5257-4b21-a116-51275949d3b4,NA_SCI_YSI_6-8,I_13aaaaaa-aaaa-4aaa-a42a-978054488231
ebb9f4b1-5257-4b21-a116-51275949d3b4,NA_SCI_YSI_6-8,I_13aaaaaa-aaaa-4aaa-a42a-978054488246
ebb9f4b1-5257-4b21-a116-51275949d3b4,NA_SCI_YSI_6-8,I_13aaaaaa-aaaa-4aaa-a44a-978054488235
ebb9f4b1-5257-4b21-a116-51275949d3b4,NA_SCI_YSI_6-8,I_13aaaaaa-aaaa-4aaa-a44a-978054488245
ebb9f4b1-5257-4b21-a116-51275949d3b4,NA_SCI_YSI_6-8,I_13aaaaaa-aaaa-4aaa-a46a-978054488229
ebb9f4b1-5257-4b21-a116-51275949d3b4,NA_SCI_YSI_6-8,I_13aaaaaa-aaaa-4aaa-a46a-978054488234
ebb9f4b1-5257-4b21-a116-51275949d3b4,NA_SCI_YSI_6-8,I_13aaaaaa-aaaa-4aaa-a4aa-978054488247
ebb9f4b1-5257-4b21-a116-51275949d3b4,NA_SCI_YSI_6-8,I_13aaaaaa-aaaa-4aaa-a3ea-978054488233
ebb9f4b1-5257-4b21-a116-51275949d3b4,NA_SCI_YSI_6-8,I_13aaaaaa-aaaa-4aaa-a40a-978054488227
dc12f4c2-1516-4904-ab6b-f1d40e6bdb6a,NA_SCI_YSI_6-8,I_13aaaaaa-aaaa-4aaa-a46a-978054488224
dc12f4c2-1516-4904-ab6b-f1d40e6bdb6a,NA_SCI_YSI_6-8,I_13aaaaaa-aaaa-4aaa-a4aa-978054488237
dc12f4c2-1516-4904-ab6b-f1d40e6bdb6a,NA_SCI_YSI_6-8,I_13aaaaaa-aaaa-4aaa-a46a-978054488229
dc12f4c2-1516-4904-ab6b-f1d40e6bdb6a,NA_SCI_YSI_6-8,I_13aaaaaa-aaaa-4aaa-a46a-978054488234
dc12f4c2-1516-4904-ab6b-f1d40e6bdb6a,NA_SCI_YSI_6-8,I_13aaaaaa-aaaa-4aaa-a46a-978054488239
dc12f4c2-1516-4904-ab6b-f1d40e6bdb6a,NA_SCI_YSI_6-8,I_13aaaaaa-aaaa-4aaa-a46a-978054488244
dc12f4c2-1516-4904-ab6b-f1d40e6bdb6a,NA_SCI_YSI_6-8,I_13aaaaaa-aaaa-4aaa-a48a-978054488228
dc12f4c2-1516-4904-ab6b-f1d40e6bdb6a,NA_SCI_YSI_6-8,I_13aaaaaa-aaaa-4aaa-a4aa-978054488247
bc135f22-6b78-4ecf-adf3-e32bb5c4a1ea,NA_SCI_YSI_6-8,I_13aaaaaa-aaaa-4aaa-a42a-978054488226
bc135f22-6b78-4ecf-adf3-e32bb5c4a1ea,NA_SCI_YSI_6-8,I_13aaaaaa-aaaa-4aaa-a48a-978054488238
af296e04-207a-4309-9e7c-eba7b66b7b62,NA_SCI_YSI_6-8,I_13aaaaaa-aaaa-4aaa-a46a-978054488229
af296e04-207a-4309-9e7c-eba7b66b7b62,NA_SCI_YSI_6-8,I_13aaaaaa-aaaa-4aaa-a46a-978054488234
af296e04-207a-4309-9e7c-eba7b66b7b62,NA_SCI_YSI_6-8,I_13aaaaaa-aaaa-4aaa-a46a-978054488239
af296e04-207a-4309-9e7c-eba7b66b7b62,NA_SCI_YSI_6-8,I_13aaaaaa-aaaa-4aaa-a46a-978054488244
af296e04-207a-4309-9e7c-eba7b66b7b62,NA_SCI_YSI_6-8,I_13aaaaaa-aaaa-4aaa-a40a-978054488242
af296e04-207a-4309-9e7c-eba7b66b7b62,NA_SCI_YSI_6-8,I_13aaaaaa-aaaa-4aaa-a42a-978054488226
af296e04-207a-4309-9e7c-eba7b66b7b62,NA_SCI_YSI_6-8,I_13aaaaaa-aaaa-4aaa-a42a-978054488231
af296e04-207a-4309-9e7c-eba7b66b7b62,NA_SCI_YSI_6-8,I_13aaaaaa-aaaa-4aaa-a42a-978054488236
af296e04-207a-4309-9e7c-eba7b66b7b62,NA_SCI_YSI_6-8,I_13aaaaaa-aaaa-4aaa-a42a-978054488246
af296e04-207a-4309-9e7c-eba7b66b7b62,NA_SCI_YSI_6-8,I_13aaaaaa-aaaa-4aaa-a44a-978054488235
af296e04-207a-4309-9e7c-eba7b66b7b62,NA_SCI_YSI_6-8,I_13aaaaaa-aaaa-4aaa-a42a-978054488241
af296e04-207a-4309-9e7c-eba7b66b7b62,NA_SCI_YSI_6-8,I_13aaaaaa-aaaa-4aaa-a46a-978054488224
e73b383e-1cb6-4a2b-b747-1ead9ba481c3,NA_SCI_YSI_6-8,I_13aaaaaa-aaaa-4aaa-a3ea-978054488233
4bb24036-8be8-4b68-b699-c204c92f910d,NA_SCI_YSI_6-8,I_13aaaaaa-aaaa-4aaa-a42a-978054488241
4bb24036-8be8-4b68-b699-c204c92f910d,NA_SCI_YSI_6-8,I_13aaaaaa-aaaa-4aaa-a46a-978054488229
af296e04-207a-4309-9e7c-eba7b66b7b62,NA_SCI_YSI_6-8,I_13aaaaaa-aaaa-4aaa-a3aa-978054488230
af296e04-207a-4309-9e7c-eba7b66b7b62,NA_SCI_YSI_6-8,I_13aaaaaa-aaaa-4aaa-a3ea-978054488223
af296e04-207a-4309-9e7c-eba7b66b7b62,NA_SCI_YSI_6-8,I_13aaaaaa-aaaa-4aaa-a3ea-978054488233
af296e04-207a-4309-9e7c-eba7b66b7b62,NA_SCI_YSI_6-8,I_13aaaaaa-aaaa-4aaa-a3ea-978054488243
af296e04-207a-4309-9e7c-eba7b66b7b62,NA_SCI_YSI_6-8,I_13aaaaaa-aaaa-4aaa-a40a-978054488227
af296e04-207a-4309-9e7c-eba7b66b7b62,NA_SCI_YSI_6-8,I_13aaaaaa-aaaa-4aaa-a40a-978054488232
af296e04-207a-4309-9e7c-eba7b66b7b62,NA_SCI_YSI_6-8,I_13aaaaaa-aaaa-4aaa-a44a-978054488240
af296e04-207a-4309-9e7c-eba7b66b7b62,NA_SCI_YSI_6-8,I_13aaaaaa-aaaa-4aaa-a44a-978054488245
af296e04-207a-4309-9e7c-eba7b66b7b62,NA_SCI_YSI_6-8,I_13aaaaaa-aaaa-4aaa-a48a-978054488228
af296e04-207a-4309-9e7c-eba7b66b7b62,NA_SCI_YSI_6-8,I_13aaaaaa-aaaa-4aaa-a48a-978054488238
af296e04-207a-4309-9e7c-eba7b66b7b62,NA_SCI_YSI_6-8,I_13aaaaaa-aaaa-4aaa-a4aa-978054488237
af296e04-207a-4309-9e7c-eba7b66b7b62,NA_SCI_YSI_6-8,I_13aaaaaa-aaaa-4aaa-a4aa-978054488247
8f2dbbf9-f799-47d5-947d-faf11f1d3a5b,NA_SCI_YSI_6-8,I_13aaaaaa-aaaa-4aaa-a40a-978054488227
e73b383e-1cb6-4a2b-b747-1ead9ba481c3,NA_SCI_YSI_6-8,I_13aaaaaa-aaaa-4aaa-a46a-978054488224
e73b383e-1cb6-4a2b-b747-1ead9ba481c3,NA_SCI_YSI_6-8,I_13aaaaaa-aaaa-4aaa-a46a-978054488229
e73b383e-1cb6-4a2b-b747-1ead9ba481c3,NA_SCI_YSI_6-8,I_13aaaaaa-aaaa-4aaa-a4aa-978054488237
e73b383e-1cb6-4a2b-b747-1ead9ba481c3,NA_SCI_YSI_6-8,I_13aaaaaa-aaaa-4aaa-a4aa-978054488247
e73b383e-1cb6-4a2b-b747-1ead9ba481c3,NA_SCI_YSI_6-8,I_13aaaaaa-aaaa-4aaa-a3ea-978054488243
e73b383e-1cb6-4a2b-b747-1ead9ba481c3,NA_SCI_YSI_6-8,I_13aaaaaa-aaaa-4aaa-a40a-978054488227
e73b383e-1cb6-4a2b-b747-1ead9ba481c3,NA_SCI_YSI_6-8,I_13aaaaaa-aaaa-4aaa-a44a-978054488235
e73b383e-1cb6-4a2b-b747-1ead9ba481c3,NA_SCI_YSI_6-8,I_13aaaaaa-aaaa-4aaa-a44a-978054488240
e73b383e-1cb6-4a2b-b747-1ead9ba481c3,NA_SCI_YSI_6-8,I_13aaaaaa-aaaa-4aaa-a44a-978054488245
e73b383e-1cb6-4a2b-b747-1ead9ba481c3,NA_SCI_YSI_6-8,I_13aaaaaa-aaaa-4aaa-a46a-978054488234
e73b383e-1cb6-4a2b-b747-1ead9ba481c3,NA_SCI_YSI_6-8,I_13aaaaaa-aaaa-4aaa-a46a-978054488239
e73b383e-1cb6-4a2b-b747-1ead9ba481c3,NA_SCI_YSI_6-8,I_13aaaaaa-aaaa-4aaa-a46a-978054488244
e73b383e-1cb6-4a2b-b747-1ead9ba481c3,NA_SCI_YSI_6-8,I_13aaaaaa-aaaa-4aaa-a40a-978054488232
e73b383e-1cb6-4a2b-b747-1ead9ba481c3,NA_SCI_YSI_6-8,I_13aaaaaa-aaaa-4aaa-a42a-978054488226
e73b383e-1cb6-4a2b-b747-1ead9ba481c3,NA_SCI_YSI_6-8,I_13aaaaaa-aaaa-4aaa-a42a-978054488231
e73b383e-1cb6-4a2b-b747-1ead9ba481c3,NA_SCI_YSI_6-8,I_13aaaaaa-aaaa-4aaa-a42a-978054488241
e73b383e-1cb6-4a2b-b747-1ead9ba481c3,NA_SCI_YSI_6-8,I_13aaaaaa-aaaa-4aaa-a42a-978054488246
e73b383e-1cb6-4a2b-b747-1ead9ba481c3,NA_SCI_YSI_6-8,I_13aaaaaa-aaaa-4aaa-a48a-978054488228
e73b383e-1cb6-4a2b-b747-1ead9ba481c3,NA_SCI_YSI_6-8,I_13aaaaaa-aaaa-4aaa-a48a-978054488238
8f2dbbf9-f799-47d5-947d-faf11f1d3a5b,NA_SCI_YSI_6-8,I_13aaaaaa-aaaa-4aaa-a46a-978054488234
8f2dbbf9-f799-47d5-947d-faf11f1d3a5b,NA_SCI_YSI_6-8,I_13aaaaaa-aaaa-4aaa-a48a-978054488228
d402015f-f95e-4c11-a68c-565e6bbfd550,NA_SCI_YSI_6-8,I_13aaaaaa-aaaa-4aaa-a40a-978054488227
d402015f-f95e-4c11-a68c-565e6bbfd550,NA_SCI_YSI_6-8,I_13aaaaaa-aaaa-4aaa-a44a-978054488240
d402015f-f95e-4c11-a68c-565e6bbfd550,NA_SCI_YSI_6-8,I_13aaaaaa-aaaa-4aaa-a46a-978054488234
d402015f-f95e-4c11-a68c-565e6bbfd550,NA_SCI_YSI_6-8,I_13aaaaaa-aaaa-4aaa-a48a-978054488228
e31e1490-eab8-4edc-82cb-6bb4ca3ad6a2,NA_SCI_YSI_6-8,I_13aaaaaa-aaaa-4aaa-a44a-978054488240
cfe15aa8-4139-4e35-8c24-8ab8fd16e416,NA_SCI_YSI_6-8,I_13aaaaaa-aaaa-4aaa-a40a-978054488227
cfe15aa8-4139-4e35-8c24-8ab8fd16e416,NA_SCI_YSI_6-8,I_13aaaaaa-aaaa-4aaa-a44a-978054488240
cfe15aa8-4139-4e35-8c24-8ab8fd16e416,NA_SCI_YSI_6-8,I_13aaaaaa-aaaa-4aaa-a46a-978054488234
cfe15aa8-4139-4e35-8c24-8ab8fd16e416,NA_SCI_YSI_6-8,I_13aaaaaa-aaaa-4aaa-a48a-978054488228
e31e1490-eab8-4edc-82cb-6bb4ca3ad6a2,NA_SCI_YSI_6-8,I_13aaaaaa-aaaa-4aaa-a40a-978054488227
e31e1490-eab8-4edc-82cb-6bb4ca3ad6a2,NA_SCI_YSI_6-8,I_13aaaaaa-aaaa-4aaa-a46a-978054488234
e31e1490-eab8-4edc-82cb-6bb4ca3ad6a2,NA_SCI_YSI_6-8,I_13aaaaaa-aaaa-4aaa-a48a-978054488228
2dfd210d-da05-4113-b777-5722005d8c6d,NA_SCI_YSI_6-8,I_13aaaaaa-aaaa-4aaa-a40a-978054488227
2dfd210d-da05-4113-b777-5722005d8c6d,NA_SCI_YSI_6-8,I_13aaaaaa-aaaa-4aaa-a44a-978054488240
2dfd210d-da05-4113-b777-5722005d8c6d,NA_SCI_YSI_6-8,I_13aaaaaa-aaaa-4aaa-a46a-978054488234
2dfd210d-da05-4113-b777-5722005d8c6d,NA_SCI_YSI_6-8,I_13aaaaaa-aaaa-4aaa-a48a-978054488228
bbc77db0-b1bc-46fc-a574-5a4643acce25,NA_SCI_YSI_6-8,I_13aaaaaa-aaaa-4aaa-a40a-978054488227
bbc77db0-b1bc-46fc-a574-5a4643acce25,NA_SCI_YSI_6-8,I_13aaaaaa-aaaa-4aaa-a44a-978054488240
bbc77db0-b1bc-46fc-a574-5a4643acce25,NA_SCI_YSI_6-8,I_13aaaaaa-aaaa-4aaa-a46a-978054488234
bbc77db0-b1bc-46fc-a574-5a4643acce25,NA_SCI_YSI_6-8,I_13aaaaaa-aaaa-4aaa-a48a-978054488228
6511cfe1-3300-4b59-ac05-868ffeef8484,NA_SCI_YSI_6-8,I_13aaaaaa-aaaa-4aaa-a46a-978054488234
5da07d61-4822-4f46-ae5c-eb57b6dffa91,NA_SCI_YSI_6-8,I_13aaaaaa-aaaa-4aaa-a46a-978054488234
5da07d61-4822-4f46-ae5c-eb57b6dffa91,NA_SCI_YSI_6-8,I_13aaaaaa-aaaa-4aaa-a44a-978054488240
5da07d61-4822-4f46-ae5c-eb57b6dffa91,NA_SCI_YSI_6-8,I_13aaaaaa-aaaa-4aaa-a40a-978054488227
5da07d61-4822-4f46-ae5c-eb57b6dffa91,NA_SCI_YSI_6-8,I_13aaaaaa-aaaa-4aaa-a48a-978054488228
6511cfe1-3300-4b59-ac05-868ffeef8484,NA_SCI_YSI_6-8,I_13aaaaaa-aaaa-4aaa-a40a-978054488227
6511cfe1-3300-4b59-ac05-868ffeef8484,NA_SCI_YSI_6-8,I_13aaaaaa-aaaa-4aaa-a44a-978054488240
6511cfe1-3300-4b59-ac05-868ffeef8484,NA_SCI_YSI_6-8,I_13aaaaaa-aaaa-4aaa-a48a-978054488228
c4f9d57d-b10c-425a-a145-7eb44d5e857a,NA_SCI_YSI_6-8,I_13aaaaaa-aaaa-4aaa-a46a-978054488234
81889f35-f1a2-458d-a3b0-1c9fa9b4d92e,ELA_IR_WW_G3_TX_SP,I_13aaaaaa-aaaa-4aaa-a4aa-978132848559
81889f35-f1a2-458d-a3b0-1c9fa9b4d92e,ELA_IR_WW_G2_TX_SP,I_13aaaaaa-aaaa-4aaa-a4aa-978132848564
81889f35-f1a2-458d-a3b0-1c9fa9b4d92e,ELA_IR_WW_G2_TX_SP,I_13aaaaaa-aaaa-4aaa-a4ca-978132848558
0940debe-5e68-4038-8be1-bf0555b723c5,NA_SCI_YSI_6-8,I_13aaaaaa-aaaa-4aaa-a46a-978054488234
55c2f875-5b36-4dda-975b-aeadf9a2d285,NA_SCI_YSI_6-8,I_13aaaaaa-aaaa-4aaa-a44a-978054488240
55c2f875-5b36-4dda-975b-aeadf9a2d285,NA_SCI_YSI_6-8,I_13aaaaaa-aaaa-4aaa-a46a-978054488234
55c2f875-5b36-4dda-975b-aeadf9a2d285,NA_SCI_YSI_6-8,I_13aaaaaa-aaaa-4aaa-a40a-978054488227
55c2f875-5b36-4dda-975b-aeadf9a2d285,NA_SCI_YSI_6-8,I_13aaaaaa-aaaa-4aaa-a48a-978054488228
0d8fd354-1ae9-495e-a172-534fe0929db5,NA_SCI_YSI_6-8,I_13aaaaaa-aaaa-4aaa-a48a-978054488228
0d8fd354-1ae9-495e-a172-534fe0929db5,NA_SCI_YSI_6-8,I_13aaaaaa-aaaa-4aaa-a40a-978054488227
81889f35-f1a2-458d-a3b0-1c9fa9b4d92e,ELA_IR_WW_G4_TX_SP,I_13aaaaaa-aaaa-4aaa-a3ea-978132848560
81889f35-f1a2-458d-a3b0-1c9fa9b4d92e,ELA_IR_WW_G1_TX_SP,I_13aaaaaa-aaaa-4aaa-a42a-978132848563
81889f35-f1a2-458d-a3b0-1c9fa9b4d92e,ELA_IR_WW_G5_TX_SP,I_13aaaaaa-aaaa-4aaa-a46a-978132848561
81889f35-f1a2-458d-a3b0-1c9fa9b4d92e,ELA_IR_WW_G5_TX_SP,I_13aaaaaa-aaaa-4aaa-a44a-978132848567
81889f35-f1a2-458d-a3b0-1c9fa9b4d92e,ELA_IR_WW_G4_TX_SP,I_13aaaaaa-aaaa-4aaa-a46a-978132848566
81889f35-f1a2-458d-a3b0-1c9fa9b4d92e,ELA_IR_WW_G3_TX_SP,I_13aaaaaa-aaaa-4aaa-a48a-978132848565
0b93bb31-59ae-4bd6-bee1-a9c082fc2313,ELA_IR_WW_G1_TX_SP,I_13aaaaaa-aaaa-4aaa-a42a-978132848563
80a51a73-2aca-4e0b-adef-0bb21a38a5bc,NA_SCI_YSI_6-8,I_13aaaaaa-aaaa-4aaa-a44a-978054488240
685343ae-9651-4f72-a2f6-49d0f8f103f4,NA_SCI_YSI_6-8,I_13aaaaaa-aaaa-4aaa-a46a-978054488234
b5e474d3-88ea-45e8-93b9-c229b5a2be5a,NA_SCI_YSI_6-8,I_13aaaaaa-aaaa-4aaa-a46a-978054488234
fef7d654-e79a-436b-8cf9-30b04432ee3b,NA_SCI_YSI_6-8,I_13aaaaaa-aaaa-4aaa-a40a-978054488227
fef7d654-e79a-436b-8cf9-30b04432ee3b,NA_SCI_YSI_6-8,I_13aaaaaa-aaaa-4aaa-a48a-978054488228
b5e474d3-88ea-45e8-93b9-c229b5a2be5a,NA_SCI_YSI_6-8,I_13aaaaaa-aaaa-4aaa-a40a-978054488227
b5e474d3-88ea-45e8-93b9-c229b5a2be5a,NA_SCI_YSI_6-8,I_13aaaaaa-aaaa-4aaa-a44a-978054488240
b5e474d3-88ea-45e8-93b9-c229b5a2be5a,NA_SCI_YSI_6-8,I_13aaaaaa-aaaa-4aaa-a48a-978054488228
685343ae-9651-4f72-a2f6-49d0f8f103f4,NA_SCI_YSI_6-8,I_13aaaaaa-aaaa-4aaa-a48a-978054488228
3061eb9f-d92f-4f80-ae50-cc3b3ec9386a,NA_SCI_YSI_6-8,I_13aaaaaa-aaaa-4aaa-a46a-978054488234
0bd5ed3d-d3b7-4e0e-b364-7ce1f7bf0a34,ELA_IR_WW_G4_TX_SP,I_13aaaaaa-aaaa-4aaa-a46a-978132848566
0bd5ed3d-d3b7-4e0e-b364-7ce1f7bf0a34,ELA_IR_WW_G3_TX_SP,I_13aaaaaa-aaaa-4aaa-a48a-978132848565
31f8334b-c86e-4e91-b964-09b3dd912448,ELA_IR_WW_G2_TX,I_13aaaaaa-aaaa-4aaa-a44a-978132848517
31f8334b-c86e-4e91-b964-09b3dd912448,ELA_IR_WW_G5_TX,I_13aaaaaa-aaaa-4aaa-a44a-978132848527
31f8334b-c86e-4e91-b964-09b3dd912448,ELA_IR_WW_G1_TX_SP,I_13aaaaaa-aaaa-4aaa-a44a-978132848557
80a51a73-2aca-4e0b-adef-0bb21a38a5bc,NA_SCI_YSI_6-8,I_13aaaaaa-aaaa-4aaa-a40a-978054488227
80a51a73-2aca-4e0b-adef-0bb21a38a5bc,NA_SCI_YSI_6-8,I_13aaaaaa-aaaa-4aaa-a48a-978054488228
80a51a73-2aca-4e0b-adef-0bb21a38a5bc,NA_SCI_YSI_6-8,I_13aaaaaa-aaaa-4aaa-a46a-978054488234
044c8099-111c-4daf-b263-c086065684ee,ELA_IR_WW_G1_TX,I_13aaaaaa-aaaa-4aaa-a42a-978132848523
044c8099-111c-4daf-b263-c086065684ee,ELA_IR_WW_G1_TX_SP,I_13aaaaaa-aaaa-4aaa-a42a-978132848563
c4f9d57d-b10c-425a-a145-7eb44d5e857a,NA_SCI_YSI_6-8,I_13aaaaaa-aaaa-4aaa-a40a-978054488227
c4f9d57d-b10c-425a-a145-7eb44d5e857a,NA_SCI_YSI_6-8,I_13aaaaaa-aaaa-4aaa-a48a-978054488228
c4f9d57d-b10c-425a-a145-7eb44d5e857a,NA_SCI_YSI_6-8,I_13aaaaaa-aaaa-4aaa-a44a-978054488240
8d15696b-7151-4c47-9067-efba208c7ad4,NA_SCI_YSI_6-8,I_13aaaaaa-aaaa-4aaa-a44a-978054488240
8d15696b-7151-4c47-9067-efba208c7ad4,NA_SCI_YSI_6-8,I_13aaaaaa-aaaa-4aaa-a48a-978054488228
0bd5ed3d-d3b7-4e0e-b364-7ce1f7bf0a34,ELA_IR_WW_G5_TX,I_13aaaaaa-aaaa-4aaa-a44a-978132848527
0bd5ed3d-d3b7-4e0e-b364-7ce1f7bf0a34,ELA_IR_WW_G1_TX_SP,I_13aaaaaa-aaaa-4aaa-a44a-978132848557
9ee1bec5-36e0-48a6-a808-be5ff3c8587b,ELA_IR_WW_G5_TX,I_13aaaaaa-aaaa-4aaa-a3ca-978132848521
9ee1bec5-36e0-48a6-a808-be5ff3c8587b,ELA_IR_WW_G3_TX,I_13aaaaaa-aaaa-4aaa-a3ea-978132848525
9ee1bec5-36e0-48a6-a808-be5ff3c8587b,ELA_IR_WW_G4_TX_SP,I_13aaaaaa-aaaa-4aaa-a3ea-978132848560
9ee1bec5-36e0-48a6-a808-be5ff3c8587b,ELA_IR_WW_G3_TX,I_13aaaaaa-aaaa-4aaa-a42a-978132848518
9ee1bec5-36e0-48a6-a808-be5ff3c8587b,ELA_IR_WW_G5_TX,I_13aaaaaa-aaaa-4aaa-a44a-978132848527
9ee1bec5-36e0-48a6-a808-be5ff3c8587b,ELA_IR_WW_G5_TX_SP,I_13aaaaaa-aaaa-4aaa-a44a-978132848567
9ee1bec5-36e0-48a6-a808-be5ff3c8587b,ELA_IR_WW_G4_TX,I_13aaaaaa-aaaa-4aaa-a46a-978132848526
08b950fe-586b-44e5-b4b4-9de14ff10d39,ELA_IR_WW_G2_NA,I_13aaaaaa-aaaa-4aaa-a3aa-978035805292
08b950fe-586b-44e5-b4b4-9de14ff10d39,ELA_IR_WW_G1_NA,I_13aaaaaa-aaaa-4aaa-a3ca-978035805291
08b950fe-586b-44e5-b4b4-9de14ff10d39,ELA_IR_WW_G3_NA,I_13aaaaaa-aaaa-4aaa-a3ea-978035805295
08b950fe-586b-44e5-b4b4-9de14ff10d39,ELA_IR_WW_G3_NA,I_13aaaaaa-aaaa-4aaa-a46a-978132848546
08b950fe-586b-44e5-b4b4-9de14ff10d39,ELA_IR_WW_G5_NA,I_13aaaaaa-aaaa-4aaa-a4ca-978132848548
0bd5ed3d-d3b7-4e0e-b364-7ce1f7bf0a34,ELA_IR_WW_G5_TX,I_13aaaaaa-aaaa-4aaa-a3ca-978132848521
0bd5ed3d-d3b7-4e0e-b364-7ce1f7bf0a34,ELA_IR_WW_G3_TX,I_13aaaaaa-aaaa-4aaa-a3ea-978132848525
08b950fe-586b-44e5-b4b4-9de14ff10d39,ELA_IR_WW_G1_NA,I_13aaaaaa-aaaa-4aaa-a40a-978132848544
08b950fe-586b-44e5-b4b4-9de14ff10d39,ELA_IR_WW_G5_NA,I_13aaaaaa-aaaa-4aaa-a44a-978035805297
08b950fe-586b-44e5-b4b4-9de14ff10d39,ELA_IR_WW_G4_NA,I_13aaaaaa-aaaa-4aaa-a44a-978132848547
08b950fe-586b-44e5-b4b4-9de14ff10d39,ELA_IR_WW_G4_NA,I_13aaaaaa-aaaa-4aaa-a46a-978035805296
08b950fe-586b-44e5-b4b4-9de14ff10d39,ELA_IR_WW_G2_NA,I_13aaaaaa-aaaa-4aaa-a48a-978132848545
0bd5ed3d-d3b7-4e0e-b364-7ce1f7bf0a34,ELA_IR_WW_G5_TX_SP,I_13aaaaaa-aaaa-4aaa-a44a-978132848567
0bd5ed3d-d3b7-4e0e-b364-7ce1f7bf0a34,ELA_IR_WW_G1_TX,I_13aaaaaa-aaaa-4aaa-a46a-978132848516
0bd5ed3d-d3b7-4e0e-b364-7ce1f7bf0a34,ELA_IR_WW_G2_TX_SP,I_13aaaaaa-aaaa-4aaa-a4aa-978132848564
0bd5ed3d-d3b7-4e0e-b364-7ce1f7bf0a34,ELA_IR_WW_G2_TX_SP,I_13aaaaaa-aaaa-4aaa-a4ca-978132848558
0bd5ed3d-d3b7-4e0e-b364-7ce1f7bf0a34,ELA_IR_WW_G4_TX_SP,I_13aaaaaa-aaaa-4aaa-a3ea-978132848560
0bd5ed3d-d3b7-4e0e-b364-7ce1f7bf0a34,ELA_IR_WW_G2_TX,I_13aaaaaa-aaaa-4aaa-a40a-978132848524
0bd5ed3d-d3b7-4e0e-b364-7ce1f7bf0a34,ELA_IR_WW_G3_TX,I_13aaaaaa-aaaa-4aaa-a42a-978132848518
0bd5ed3d-d3b7-4e0e-b364-7ce1f7bf0a34,ELA_IR_WW_G4_TX,I_13aaaaaa-aaaa-4aaa-a4aa-978132848519
0bd5ed3d-d3b7-4e0e-b364-7ce1f7bf0a34,ELA_IR_WW_G3_TX_SP,I_13aaaaaa-aaaa-4aaa-a4aa-978132848559
0bd5ed3d-d3b7-4e0e-b364-7ce1f7bf0a34,ELA_IR_WW_G1_TX,I_13aaaaaa-aaaa-4aaa-a42a-978132848523
0bd5ed3d-d3b7-4e0e-b364-7ce1f7bf0a34,ELA_IR_WW_G1_TX_SP,I_13aaaaaa-aaaa-4aaa-a42a-978132848563
0bd5ed3d-d3b7-4e0e-b364-7ce1f7bf0a34,ELA_IR_WW_G2_TX,I_13aaaaaa-aaaa-4aaa-a44a-978132848517
5fca9919-fd36-4fe5-93c1-537c77453746,ELA_IR_WW_G2_TX,I_13aaaaaa-aaaa-4aaa-a40a-978132848524
5fca9919-fd36-4fe5-93c1-537c77453746,ELA_IR_WW_G3_TX,I_13aaaaaa-aaaa-4aaa-a42a-978132848518
0bd5ed3d-d3b7-4e0e-b364-7ce1f7bf0a34,ELA_IR_WW_G4_TX,I_13aaaaaa-aaaa-4aaa-a46a-978132848526
0bd5ed3d-d3b7-4e0e-b364-7ce1f7bf0a34,ELA_IR_WW_G5_TX_SP,I_13aaaaaa-aaaa-4aaa-a46a-978132848561
9ee1bec5-36e0-48a6-a808-be5ff3c8587b,ELA_IR_WW_G5_TX_SP,I_13aaaaaa-aaaa-4aaa-a46a-978132848561
9ee1bec5-36e0-48a6-a808-be5ff3c8587b,ELA_IR_WW_G4_TX_SP,I_13aaaaaa-aaaa-4aaa-a46a-978132848566
9ee1bec5-36e0-48a6-a808-be5ff3c8587b,ELA_IR_WW_G3_TX_SP,I_13aaaaaa-aaaa-4aaa-a48a-978132848565
9ee1bec5-36e0-48a6-a808-be5ff3c8587b,ELA_IR_WW_G4_TX,I_13aaaaaa-aaaa-4aaa-a4aa-978132848519
9ee1bec5-36e0-48a6-a808-be5ff3c8587b,ELA_IR_WW_G3_TX_SP,I_13aaaaaa-aaaa-4aaa-a4aa-978132848559
5fca9919-fd36-4fe5-93c1-537c77453746,ELA_IR_WW_G2_TX,I_13aaaaaa-aaaa-4aaa-a44a-978132848517
5fca9919-fd36-4fe5-93c1-537c77453746,ELA_IR_WW_G5_TX,I_13aaaaaa-aaaa-4aaa-a44a-978132848527
5fca9919-fd36-4fe5-93c1-537c77453746,ELA_IR_WW_G5_TX,I_13aaaaaa-aaaa-4aaa-a3ca-978132848521
5fca9919-fd36-4fe5-93c1-537c77453746,ELA_IR_WW_G3_TX,I_13aaaaaa-aaaa-4aaa-a3ea-978132848525
5fca9919-fd36-4fe5-93c1-537c77453746,ELA_IR_WW_G4_TX_SP,I_13aaaaaa-aaaa-4aaa-a3ea-978132848560
5fca9919-fd36-4fe5-93c1-537c77453746,ELA_IR_WW_G5_TX_SP,I_13aaaaaa-aaaa-4aaa-a44a-978132848567
5fca9919-fd36-4fe5-93c1-537c77453746,ELA_IR_WW_G1_TX,I_13aaaaaa-aaaa-4aaa-a46a-978132848516
5fca9919-fd36-4fe5-93c1-537c77453746,ELA_IR_WW_G1_TX,I_13aaaaaa-aaaa-4aaa-a42a-978132848523
5fca9919-fd36-4fe5-93c1-537c77453746,ELA_IR_WW_G1_TX_SP,I_13aaaaaa-aaaa-4aaa-a42a-978132848563
31f8334b-c86e-4e91-b964-09b3dd912448,ELA_IR_WW_G1_TX_SP,I_13aaaaaa-aaaa-4aaa-a42a-978132848563
5fca9919-fd36-4fe5-93c1-537c77453746,ELA_IR_WW_G1_TX_SP,I_13aaaaaa-aaaa-4aaa-a44a-978132848557
5fca9919-fd36-4fe5-93c1-537c77453746,ELA_IR_WW_G4_TX,I_13aaaaaa-aaaa-4aaa-a46a-978132848526
5fca9919-fd36-4fe5-93c1-537c77453746,ELA_IR_WW_G5_TX_SP,I_13aaaaaa-aaaa-4aaa-a46a-978132848561
5fca9919-fd36-4fe5-93c1-537c77453746,ELA_IR_WW_G4_TX_SP,I_13aaaaaa-aaaa-4aaa-a46a-978132848566
5fca9919-fd36-4fe5-93c1-537c77453746,ELA_IR_WW_G3_TX_SP,I_13aaaaaa-aaaa-4aaa-a48a-978132848565
5fca9919-fd36-4fe5-93c1-537c77453746,ELA_IR_WW_G4_TX,I_13aaaaaa-aaaa-4aaa-a4aa-978132848519
5fca9919-fd36-4fe5-93c1-537c77453746,ELA_IR_WW_G3_TX_SP,I_13aaaaaa-aaaa-4aaa-a4aa-978132848559
5fca9919-fd36-4fe5-93c1-537c77453746,ELA_IR_WW_G2_TX_SP,I_13aaaaaa-aaaa-4aaa-a4aa-978132848564
5fca9919-fd36-4fe5-93c1-537c77453746,ELA_IR_WW_G2_TX_SP,I_13aaaaaa-aaaa-4aaa-a4ca-978132848558
31f8334b-c86e-4e91-b964-09b3dd912448,ELA_IR_WW_G3_TX_SP,I_13aaaaaa-aaaa-4aaa-a48a-978132848565
31f8334b-c86e-4e91-b964-09b3dd912448,ELA_IR_WW_G4_TX,I_13aaaaaa-aaaa-4aaa-a4aa-978132848519
31f8334b-c86e-4e91-b964-09b3dd912448,ELA_IR_WW_G3_TX_SP,I_13aaaaaa-aaaa-4aaa-a4aa-978132848559
044c8099-111c-4daf-b263-c086065684ee,ELA_IR_WW_G2_TX_SP,I_13aaaaaa-aaaa-4aaa-a4aa-978132848564
31f8334b-c86e-4e91-b964-09b3dd912448,ELA_IR_WW_G2_TX,I_13aaaaaa-aaaa-4aaa-a40a-978132848524
31f8334b-c86e-4e91-b964-09b3dd912448,ELA_IR_WW_G3_TX,I_13aaaaaa-aaaa-4aaa-a42a-978132848518
044c8099-111c-4daf-b263-c086065684ee,ELA_IR_WW_G3_TX,I_13aaaaaa-aaaa-4aaa-a42a-978132848518
044c8099-111c-4daf-b263-c086065684ee,ELA_IR_WW_G4_TX,I_13aaaaaa-aaaa-4aaa-a46a-978132848526
044c8099-111c-4daf-b263-c086065684ee,ELA_IR_WW_G5_TX_SP,I_13aaaaaa-aaaa-4aaa-a46a-978132848561
31f8334b-c86e-4e91-b964-09b3dd912448,ELA_IR_WW_G1_TX,I_13aaaaaa-aaaa-4aaa-a42a-978132848523
31f8334b-c86e-4e91-b964-09b3dd912448,ELA_IR_WW_G2_TX_SP,I_13aaaaaa-aaaa-4aaa-a4aa-978132848564
31f8334b-c86e-4e91-b964-09b3dd912448,ELA_IR_WW_G2_TX_SP,I_13aaaaaa-aaaa-4aaa-a4ca-978132848558
044c8099-111c-4daf-b263-c086065684ee,ELA_IR_WW_G5_TX,I_13aaaaaa-aaaa-4aaa-a3ca-978132848521
044c8099-111c-4daf-b263-c086065684ee,ELA_IR_WW_G3_TX,I_13aaaaaa-aaaa-4aaa-a3ea-978132848525
31f8334b-c86e-4e91-b964-09b3dd912448,ELA_IR_WW_G5_TX_SP,I_13aaaaaa-aaaa-4aaa-a44a-978132848567
31f8334b-c86e-4e91-b964-09b3dd912448,ELA_IR_WW_G1_TX,I_13aaaaaa-aaaa-4aaa-a46a-978132848516
31f8334b-c86e-4e91-b964-09b3dd912448,ELA_IR_WW_G4_TX,I_13aaaaaa-aaaa-4aaa-a46a-978132848526
31f8334b-c86e-4e91-b964-09b3dd912448,ELA_IR_WW_G5_TX_SP,I_13aaaaaa-aaaa-4aaa-a46a-978132848561
31f8334b-c86e-4e91-b964-09b3dd912448,ELA_IR_WW_G4_TX_SP,I_13aaaaaa-aaaa-4aaa-a46a-978132848566
044c8099-111c-4daf-b263-c086065684ee,ELA_IR_WW_G4_TX,I_13aaaaaa-aaaa-4aaa-a4aa-978132848519
044c8099-111c-4daf-b263-c086065684ee,ELA_IR_WW_G3_TX_SP,I_13aaaaaa-aaaa-4aaa-a4aa-978132848559
044c8099-111c-4daf-b263-c086065684ee,ELA_IR_WW_G2_TX_SP,I_13aaaaaa-aaaa-4aaa-a4ca-978132848558
044c8099-111c-4daf-b263-c086065684ee,ELA_IR_WW_G4_TX_SP,I_13aaaaaa-aaaa-4aaa-a3ea-978132848560
044c8099-111c-4daf-b263-c086065684ee,ELA_IR_WW_G2_TX,I_13aaaaaa-aaaa-4aaa-a40a-978132848524
044c8099-111c-4daf-b263-c086065684ee,ELA_IR_WW_G2_TX,I_13aaaaaa-aaaa-4aaa-a44a-978132848517
044c8099-111c-4daf-b263-c086065684ee,ELA_IR_WW_G5_TX,I_13aaaaaa-aaaa-4aaa-a44a-978132848527
044c8099-111c-4daf-b263-c086065684ee,ELA_IR_WW_G1_TX_SP,I_13aaaaaa-aaaa-4aaa-a44a-978132848557
044c8099-111c-4daf-b263-c086065684ee,ELA_IR_WW_G5_TX_SP,I_13aaaaaa-aaaa-4aaa-a44a-978132848567
044c8099-111c-4daf-b263-c086065684ee,ELA_IR_WW_G1_TX,I_13aaaaaa-aaaa-4aaa-a46a-978132848516
044c8099-111c-4daf-b263-c086065684ee,ELA_IR_WW_G4_TX_SP,I_13aaaaaa-aaaa-4aaa-a46a-978132848566
044c8099-111c-4daf-b263-c086065684ee,ELA_IR_WW_G3_TX_SP,I_13aaaaaa-aaaa-4aaa-a48a-978132848565
ce469833-761c-430f-9941-2ae3a7910fd5,ELA_IR_G1_NA,I_13aaaaaa-aaaa-4aaa-a40a-978132846950
ce469833-761c-430f-9941-2ae3a7910fd5,ELA_IR_G3_NA,I_13aaaaaa-aaaa-4aaa-a46a-978132846952
55864e27-77c1-433d-8823-d6f4afdd3d41,ELA_IR_WW_G3_NA,I_13aaaaaa-aaaa-4aaa-a3ea-978035805295
55864e27-77c1-433d-8823-d6f4afdd3d41,ELA_IR_WW_G4_NA,I_13aaaaaa-aaaa-4aaa-a44a-978132848547
55864e27-77c1-433d-8823-d6f4afdd3d41,ELA_IR_WW_G4_NA,I_13aaaaaa-aaaa-4aaa-a46a-978035805296
55864e27-77c1-433d-8823-d6f4afdd3d41,ELA_IR_WW_G3_NA,I_13aaaaaa-aaaa-4aaa-a46a-978132848546
83ea9a93-e224-4b27-acbc-63a06b69f213,NA_SCI_YSI_6-8,I_13aaaaaa-aaaa-4aaa-a48a-978054488228
14a3c815-0532-4315-b7fc-0ffe02c97c39,NA_SCI_YSI_6-8,I_13aaaaaa-aaaa-4aaa-a40a-978054488227
14a3c815-0532-4315-b7fc-0ffe02c97c39,NA_SCI_YSI_6-8,I_13aaaaaa-aaaa-4aaa-a46a-978054488234
14a3c815-0532-4315-b7fc-0ffe02c97c39,NA_SCI_YSI_6-8,I_13aaaaaa-aaaa-4aaa-a48a-978054488228
83ea9a93-e224-4b27-acbc-63a06b69f213,NA_SCI_YSI_6-8,I_13aaaaaa-aaaa-4aaa-a40a-978054488227
83ea9a93-e224-4b27-acbc-63a06b69f213,NA_SCI_YSI_6-8,I_13aaaaaa-aaaa-4aaa-a44a-978054488240
83ea9a93-e224-4b27-acbc-63a06b69f213,NA_SCI_YSI_6-8,I_13aaaaaa-aaaa-4aaa-a46a-978054488234
69f47ca4-b8d0-4781-87c1-55eb64515790,NA_SCI_YSI_6-8,I_13aaaaaa-aaaa-4aaa-a48a-978054488228
8b6df714-af7b-4758-a2cc-6c98a38f96e1,NA_SCI_YSI_6-8,I_13aaaaaa-aaaa-4aaa-a46a-978054488234
8b6df714-af7b-4758-a2cc-6c98a38f96e1,NA_SCI_YSI_6-8,I_13aaaaaa-aaaa-4aaa-a48a-978054488228
0b93bb31-59ae-4bd6-bee1-a9c082fc2313,ELA_IR_WW_G2_TX_SP,I_13aaaaaa-aaaa-4aaa-a4aa-978132848564
0b93bb31-59ae-4bd6-bee1-a9c082fc2313,ELA_IR_WW_G2_TX_SP,I_13aaaaaa-aaaa-4aaa-a4ca-978132848558
0d8fd354-1ae9-495e-a172-534fe0929db5,NA_SCI_YSI_6-8,I_13aaaaaa-aaaa-4aaa-a44a-978054488240
0d8fd354-1ae9-495e-a172-534fe0929db5,NA_SCI_YSI_6-8,I_13aaaaaa-aaaa-4aaa-a46a-978054488234
24b07448-3058-467d-81a4-741064145804,NA_SCI_YSI_6-8,I_13aaaaaa-aaaa-4aaa-a44a-978054488240
0940debe-5e68-4038-8be1-bf0555b723c5,NA_SCI_YSI_6-8,I_13aaaaaa-aaaa-4aaa-a40a-978054488227
24b07448-3058-467d-81a4-741064145804,NA_SCI_YSI_6-8,I_13aaaaaa-aaaa-4aaa-a48a-978054488228
24b07448-3058-467d-81a4-741064145804,NA_SCI_YSI_6-8,I_13aaaaaa-aaaa-4aaa-a40a-978054488227
24b07448-3058-467d-81a4-741064145804,NA_SCI_YSI_6-8,I_13aaaaaa-aaaa-4aaa-a46a-978054488234
c4ea36ee-5a18-43bb-bba6-82a8fbf04a46,NA_SCI_YSI_6-8,I_13aaaaaa-aaaa-4aaa-a46a-978054488234
c4ea36ee-5a18-43bb-bba6-82a8fbf04a46,NA_SCI_YSI_6-8,I_13aaaaaa-aaaa-4aaa-a40a-978054488227
c4ea36ee-5a18-43bb-bba6-82a8fbf04a46,NA_SCI_YSI_6-8,I_13aaaaaa-aaaa-4aaa-a44a-978054488240
c4ea36ee-5a18-43bb-bba6-82a8fbf04a46,NA_SCI_YSI_6-8,I_13aaaaaa-aaaa-4aaa-a48a-978054488228
e171bb07-2cc8-43da-a1f5-57d88f21f01f,NA_SCI_YSI_6-8,I_13aaaaaa-aaaa-4aaa-a44a-978054488240
e171bb07-2cc8-43da-a1f5-57d88f21f01f,NA_SCI_YSI_6-8,I_13aaaaaa-aaaa-4aaa-a48a-978054488228
bb4e0d57-13c7-4131-be48-7a7a142566b2,NA_SCI_YSI_6-8,I_13aaaaaa-aaaa-4aaa-a40a-978054488227
bb4e0d57-13c7-4131-be48-7a7a142566b2,NA_SCI_YSI_6-8,I_13aaaaaa-aaaa-4aaa-a48a-978054488228
bb4e0d57-13c7-4131-be48-7a7a142566b2,NA_SCI_YSI_6-8,I_13aaaaaa-aaaa-4aaa-a46a-978054488234
bb4e0d57-13c7-4131-be48-7a7a142566b2,NA_SCI_YSI_6-8,I_13aaaaaa-aaaa-4aaa-a44a-978054488240
8b6df714-af7b-4758-a2cc-6c98a38f96e1,NA_SCI_YSI_6-8,I_13aaaaaa-aaaa-4aaa-a40a-978054488227
b45ba344-a26c-4337-baa9-aa6dfec3ebbd,NA_SCI_YSI_6-8,I_13aaaaaa-aaaa-4aaa-a40a-978054488227
b45ba344-a26c-4337-baa9-aa6dfec3ebbd,NA_SCI_YSI_6-8,I_13aaaaaa-aaaa-4aaa-a44a-978054488240
b45ba344-a26c-4337-baa9-aa6dfec3ebbd,NA_SCI_YSI_6-8,I_13aaaaaa-aaaa-4aaa-a46a-978054488234
b45ba344-a26c-4337-baa9-aa6dfec3ebbd,NA_SCI_YSI_6-8,I_13aaaaaa-aaaa-4aaa-a48a-978054488228
69f47ca4-b8d0-4781-87c1-55eb64515790,NA_SCI_YSI_6-8,I_13aaaaaa-aaaa-4aaa-a44a-978054488240
69f47ca4-b8d0-4781-87c1-55eb64515790,NA_SCI_YSI_6-8,I_13aaaaaa-aaaa-4aaa-a40a-978054488227
69f47ca4-b8d0-4781-87c1-55eb64515790,NA_SCI_YSI_6-8,I_13aaaaaa-aaaa-4aaa-a46a-978054488234
496c0a8d-563a-4368-beb8-9f6832d5b394,NA_SCI_YSI_6-8,I_13aaaaaa-aaaa-4aaa-a46a-978054488234
cda4bf1a-d4ad-4f72-a3a9-3dd5925a9122,NA_SCI_YSI_6-8,I_13aaaaaa-aaaa-4aaa-a46a-978054488234
cda4bf1a-d4ad-4f72-a3a9-3dd5925a9122,NA_SCI_YSI_6-8,I_13aaaaaa-aaaa-4aaa-a44a-978054488240
cda4bf1a-d4ad-4f72-a3a9-3dd5925a9122,NA_SCI_YSI_6-8,I_13aaaaaa-aaaa-4aaa-a48a-978054488228
6f3dc6ca-8abb-4ba3-8364-5d964e048bcd,NA_SCI_YSI_6-8,I_13aaaaaa-aaaa-4aaa-a46a-978054488234
6f3dc6ca-8abb-4ba3-8364-5d964e048bcd,NA_SCI_YSI_6-8,I_13aaaaaa-aaaa-4aaa-a40a-978054488227
799bc30d-d1cc-4a68-b57e-1bae9b343039,NA_SCI_YSI_6-8,I_13aaaaaa-aaaa-4aaa-a46a-978054488234
799bc30d-d1cc-4a68-b57e-1bae9b343039,NA_SCI_YSI_6-8,I_13aaaaaa-aaaa-4aaa-a48a-978054488228
799bc30d-d1cc-4a68-b57e-1bae9b343039,NA_SCI_YSI_6-8,I_13aaaaaa-aaaa-4aaa-a40a-978054488227
9763b2a6-68b9-4b13-89cf-580f1560776b,ELA_IR_WW_G6_NA,I_13aaaaaa-aaaa-4aaa-a48a-978132848555
ebc9dbe0-5540-414f-8f59-8c89744d794c,ELA_IR_WW_G6_NA,I_13aaaaaa-aaaa-4aaa-a48a-978132848555
dfb70af0-43b1-4f96-863e-cb8345642b6f,ELA_IR_WW_G6_NA,I_13aaaaaa-aaaa-4aaa-a48a-978132848555
dfb70af0-43b1-4f96-863e-cb8345642b6f,ELA_IR_WW_G6_NA,I_13aaaaaa-aaaa-4aaa-a4aa-978132848549
e37989bb-85f9-4c12-b94d-fad6f2ac2797,ELA_IR_WW_G6_NA,I_13aaaaaa-aaaa-4aaa-a48a-978132848555
3ef8ae86-61ba-4ad4-bae0-409cfd89972e,ELA_IR_WW_G6_NA,I_13aaaaaa-aaaa-4aaa-a48a-978132848555
e37989bb-85f9-4c12-b94d-fad6f2ac2797,ELA_IR_WW_G6_NA,I_13aaaaaa-aaaa-4aaa-a4aa-978132848549
ad4c52d6-14bb-412a-aa60-16ba0a85e486,ELA_IR_WW_G6_NA,I_13aaaaaa-aaaa-4aaa-a48a-978132848555
ad4c52d6-14bb-412a-aa60-16ba0a85e486,ELA_IR_WW_G6_NA,I_13aaaaaa-aaaa-4aaa-a4aa-978132848549
7e9c54fd-ecbe-4f25-8d79-82e5d8b3816f,ELA_IR_WW_G6_NA,I_13aaaaaa-aaaa-4aaa-a4aa-978132848549
6cacd212-3272-43ab-8348-3f84f01cbf11,ELA_IR_WW_G6_NA,I_13aaaaaa-aaaa-4aaa-a4aa-978132848549
553c08b0-e93e-466b-b03d-b0b6ecff1ff3,ELA_IR_WW_G6_NA,I_13aaaaaa-aaaa-4aaa-a4aa-978132848549
7e9c54fd-ecbe-4f25-8d79-82e5d8b3816f,ELA_IR_WW_G6_NA,I_13aaaaaa-aaaa-4aaa-a48a-978132848555
94e50bc7-5f27-4c00-81f7-752509ec6222,ELA_IR_WW_G6_NA,I_13aaaaaa-aaaa-4aaa-a4aa-978132848549
94e50bc7-5f27-4c00-81f7-752509ec6222,ELA_IR_WW_G6_NA,I_13aaaaaa-aaaa-4aaa-a48a-978132848555
9763b2a6-68b9-4b13-89cf-580f1560776b,ELA_IR_WW_G6_NA,I_13aaaaaa-aaaa-4aaa-a4aa-978132848549
9d94076f-7608-4bc8-a8b0-9f47839837f3,ELA_IR_WW_G6_NA,I_13aaaaaa-aaaa-4aaa-a48a-978132848555
9d94076f-7608-4bc8-a8b0-9f47839837f3,ELA_IR_WW_G6_NA,I_13aaaaaa-aaaa-4aaa-a4aa-978132848549
b1b78131-7271-4922-bf5a-1101ac4bc0f5,ELA_IR_WW_G6_NA,I_13aaaaaa-aaaa-4aaa-a4aa-978132848549
b1b78131-7271-4922-bf5a-1101ac4bc0f5,ELA_IR_WW_G6_NA,I_13aaaaaa-aaaa-4aaa-a48a-978132848555
e408a466-327b-42fa-98b9-db95374d9397,ELA_IR_WW_G6_NA,I_13aaaaaa-aaaa-4aaa-a4aa-978132848549
75cc437f-8392-476c-9d31-8550ae519e95,ELA_IR_WW_G6_NA,I_13aaaaaa-aaaa-4aaa-a48a-978132848555
75cc437f-8392-476c-9d31-8550ae519e95,ELA_IR_WW_G6_NA,I_13aaaaaa-aaaa-4aaa-a4aa-978132848549
507c78f2-f66a-4628-81b0-06f42f3fe3b1,ELA_IR_WW_G6_NA,I_13aaaaaa-aaaa-4aaa-a48a-978132848555
507c78f2-f66a-4628-81b0-06f42f3fe3b1,ELA_IR_WW_G6_NA,I_13aaaaaa-aaaa-4aaa-a4aa-978132848549
9a9597fb-a958-418f-bd49-2d497c0db19a,ELA_IR_WW_G6_NA,I_13aaaaaa-aaaa-4aaa-a48a-978132848555
d70b398e-82d0-40ef-87d2-edb8e2b476f3,ELA_IR_WW_G6_NA,I_13aaaaaa-aaaa-4aaa-a48a-978132848555
d70b398e-82d0-40ef-87d2-edb8e2b476f3,ELA_IR_WW_G6_NA,I_13aaaaaa-aaaa-4aaa-a4aa-978132848549
9a9597fb-a958-418f-bd49-2d497c0db19a,ELA_IR_WW_G6_NA,I_13aaaaaa-aaaa-4aaa-a4aa-978132848549
51c8e65c-739a-4903-a2ac-bcc4b61e1dee,ELA_IR_WW_G6_NA,I_13aaaaaa-aaaa-4aaa-a48a-978132848555
51c8e65c-739a-4903-a2ac-bcc4b61e1dee,ELA_IR_WW_G6_NA,I_13aaaaaa-aaaa-4aaa-a4aa-978132848549
146aed43-03da-4a7c-bbd0-eb7a4d574178,ELA_IR_WW_G6_NA,I_13aaaaaa-aaaa-4aaa-a48a-978132848555
7ab6f85c-0a57-4c91-9edf-c39be4cfc683,ELA_IR_WW_G6_NA,I_13aaaaaa-aaaa-4aaa-a48a-978132848555
7ab6f85c-0a57-4c91-9edf-c39be4cfc683,ELA_IR_WW_G6_NA,I_13aaaaaa-aaaa-4aaa-a4aa-978132848549
92a4bd9b-3b63-4ffb-9129-71c517758dba,ELA_IR_WW_G6_NA,I_13aaaaaa-aaaa-4aaa-a48a-978132848555
92a4bd9b-3b63-4ffb-9129-71c517758dba,ELA_IR_WW_G6_NA,I_13aaaaaa-aaaa-4aaa-a4aa-978132848549
674a0786-21d4-478e-9682-76e4fcc402f6,ELA_IR_WW_G6_NA,I_13aaaaaa-aaaa-4aaa-a48a-978132848555
9c5c9819-dd6e-420a-9ea8-ef98234a66b6,ELA_IR_WW_G6_NA,I_13aaaaaa-aaaa-4aaa-a4aa-978132848549
9c5c9819-dd6e-420a-9ea8-ef98234a66b6,ELA_IR_WW_G6_NA,I_13aaaaaa-aaaa-4aaa-a48a-978132848555
16fe30e1-8094-423e-8639-8451a39f59fe,ELA_IR_WW_G6_NA,I_13aaaaaa-aaaa-4aaa-a48a-978132848555
16fe30e1-8094-423e-8639-8451a39f59fe,ELA_IR_WW_G6_NA,I_13aaaaaa-aaaa-4aaa-a4aa-978132848549
726b55f1-5d7d-4e29-8385-b33e9527f63f,ELA_IR_WW_G6_NA,I_13aaaaaa-aaaa-4aaa-a48a-978132848555
726b55f1-5d7d-4e29-8385-b33e9527f63f,ELA_IR_WW_G6_NA,I_13aaaaaa-aaaa-4aaa-a4aa-978132848549
ebc9dbe0-5540-414f-8f59-8c89744d794c,ELA_IR_WW_G6_NA,I_13aaaaaa-aaaa-4aaa-a4aa-978132848549
c431cd74-d0d5-40a4-9090-5bb17ac3785d,ELA_IR_WW_G6_NA,I_13aaaaaa-aaaa-4aaa-a48a-978132848555
c431cd74-d0d5-40a4-9090-5bb17ac3785d,ELA_IR_WW_G6_NA,I_13aaaaaa-aaaa-4aaa-a4aa-978132848549
6ecf5e9a-5518-4a24-9bef-68c8740c6c64,NA_SCI_YSI_6-8,I_13aaaaaa-aaaa-4aaa-a40a-978054488227
6ecf5e9a-5518-4a24-9bef-68c8740c6c64,NA_SCI_YSI_6-8,I_13aaaaaa-aaaa-4aaa-a46a-978054488234
6ecf5e9a-5518-4a24-9bef-68c8740c6c64,NA_SCI_YSI_6-8,I_13aaaaaa-aaaa-4aaa-a44a-978054488240
6ecf5e9a-5518-4a24-9bef-68c8740c6c64,NA_SCI_YSI_6-8,I_13aaaaaa-aaaa-4aaa-a48a-978054488228
099d320e-8223-4f8c-9770-42ad564cf975,NA_SCI_YSI_6-8,I_13aaaaaa-aaaa-4aaa-a40a-978054488227
4bf951ac-81b1-4194-8a7c-6c74a398cbfd,NA_SCI_YSI_6-8,I_13aaaaaa-aaaa-4aaa-a40a-978054488227
4bf951ac-81b1-4194-8a7c-6c74a398cbfd,NA_SCI_YSI_6-8,I_13aaaaaa-aaaa-4aaa-a46a-978054488234
099d320e-8223-4f8c-9770-42ad564cf975,NA_SCI_YSI_6-8,I_13aaaaaa-aaaa-4aaa-a44a-978054488240
099d320e-8223-4f8c-9770-42ad564cf975,NA_SCI_YSI_6-8,I_13aaaaaa-aaaa-4aaa-a46a-978054488234
099d320e-8223-4f8c-9770-42ad564cf975,NA_SCI_YSI_6-8,I_13aaaaaa-aaaa-4aaa-a48a-978054488228
1dd9a098-3f1c-4e9d-a338-8c8a522551dc,NA_SCI_YSI_6-8,I_13aaaaaa-aaaa-4aaa-a44a-978054488240
1dd9a098-3f1c-4e9d-a338-8c8a522551dc,NA_SCI_YSI_6-8,I_13aaaaaa-aaaa-4aaa-a48a-978054488228
1dd9a098-3f1c-4e9d-a338-8c8a522551dc,NA_SCI_YSI_6-8,I_13aaaaaa-aaaa-4aaa-a40a-978054488227
1dd9a098-3f1c-4e9d-a338-8c8a522551dc,NA_SCI_YSI_6-8,I_13aaaaaa-aaaa-4aaa-a46a-978054488234
18112d8a-1744-4e74-9a0c-f5474891b983,NA_SCI_YSI_6-8,I_13aaaaaa-aaaa-4aaa-a40a-978054488227
18112d8a-1744-4e74-9a0c-f5474891b983,NA_SCI_YSI_6-8,I_13aaaaaa-aaaa-4aaa-a44a-978054488240
18112d8a-1744-4e74-9a0c-f5474891b983,NA_SCI_YSI_6-8,I_13aaaaaa-aaaa-4aaa-a46a-978054488234
18112d8a-1744-4e74-9a0c-f5474891b983,NA_SCI_YSI_6-8,I_13aaaaaa-aaaa-4aaa-a48a-978054488228
fa29a938-064a-4f26-bcef-1f67f184f63d,NA_SCI_YSI_6-8,I_13aaaaaa-aaaa-4aaa-a44a-978054488240
fa29a938-064a-4f26-bcef-1f67f184f63d,NA_SCI_YSI_6-8,I_13aaaaaa-aaaa-4aaa-a48a-978054488228
68190bc8-65dd-4c51-9ff1-26e40e4a98e1,NA_SCI_YSI_6-8,I_13aaaaaa-aaaa-4aaa-a40a-978054488227
68190bc8-65dd-4c51-9ff1-26e40e4a98e1,NA_SCI_YSI_6-8,I_13aaaaaa-aaaa-4aaa-a44a-978054488240
68190bc8-65dd-4c51-9ff1-26e40e4a98e1,NA_SCI_YSI_6-8,I_13aaaaaa-aaaa-4aaa-a48a-978054488228
0c3e955b-255c-430c-b76d-6e7a8fa40272,ELA_IR_G1_NA,I_13aaaaaa-aaaa-4aaa-a40a-978132846950
6cf27270-5740-448c-9bdd-b677ca40ec0d,ELA_IR_G3_NA,I_13aaaaaa-aaaa-4aaa-a46a-978132846952
6cf27270-5740-448c-9bdd-b677ca40ec0d,ELA_IR_G1_NA,I_13aaaaaa-aaaa-4aaa-a40a-978132846950
6cf27270-5740-448c-9bdd-b677ca40ec0d,ELA_IR_G5_NA,I_13aaaaaa-aaaa-4aaa-a42a-978132846954
6cf27270-5740-448c-9bdd-b677ca40ec0d,ELA_IR_G4_NA,I_13aaaaaa-aaaa-4aaa-a44a-978132846953
6cf27270-5740-448c-9bdd-b677ca40ec0d,ELA_IR_G2_NA,I_13aaaaaa-aaaa-4aaa-a48a-978132846951
52527345-59fa-4911-850e-838dc8745774,NA_SCI_YSI_6-8,I_13aaaaaa-aaaa-4aaa-a44a-978054488240
52527345-59fa-4911-850e-838dc8745774,NA_SCI_YSI_6-8,I_13aaaaaa-aaaa-4aaa-a48a-978054488228
14ef7da3-f217-4993-9fe5-57d3ced63f3b,NA_SCI_YSI_6-8,I_13aaaaaa-aaaa-4aaa-a40a-978054488227
14ef7da3-f217-4993-9fe5-57d3ced63f3b,NA_SCI_YSI_6-8,I_13aaaaaa-aaaa-4aaa-a48a-978054488228
14ef7da3-f217-4993-9fe5-57d3ced63f3b,NA_SCI_YSI_6-8,I_13aaaaaa-aaaa-4aaa-a44a-978054488240
14ef7da3-f217-4993-9fe5-57d3ced63f3b,NA_SCI_YSI_6-8,I_13aaaaaa-aaaa-4aaa-a46a-978054488234
553c08b0-e93e-466b-b03d-b0b6ecff1ff3,ELA_IR_G1_NA,I_13aaaaaa-aaaa-4aaa-a40a-978132846950
95ca27bf-e535-4f7a-a5a9-e0def7dec3c0,ELA_IR_G1_NA,I_13aaaaaa-aaaa-4aaa-a40a-978132846950
553c08b0-e93e-466b-b03d-b0b6ecff1ff3,ELA_IR_G2_NA,I_13aaaaaa-aaaa-4aaa-a48a-978132846951
6004d0ec-aa3f-41f9-ac74-de4928e62ff0,ELA_IR_G2_NA,I_13aaaaaa-aaaa-4aaa-a48a-978132846951
6915de9b-4ac3-40f5-9ee3-45538c14b95b,ELA_IR_G2_NA,I_13aaaaaa-aaaa-4aaa-a48a-978132846951
6915de9b-4ac3-40f5-9ee3-45538c14b95b,ELA_IR_G1_NA,I_13aaaaaa-aaaa-4aaa-a40a-978132846950
95ca27bf-e535-4f7a-a5a9-e0def7dec3c0,ELA_IR_G2_NA,I_13aaaaaa-aaaa-4aaa-a48a-978132846951
9d94076f-7608-4bc8-a8b0-9f47839837f3,ELA_IR_G2_NA,I_13aaaaaa-aaaa-4aaa-a48a-978132846951
36b1adc5-572e-452a-8c9b-83553a68499b,ELA_IR_G2_NA,I_13aaaaaa-aaaa-4aaa-a48a-978132846951
e408a466-327b-42fa-98b9-db95374d9397,ELA_IR_G1_NA,I_13aaaaaa-aaaa-4aaa-a40a-978132846950
9d94076f-7608-4bc8-a8b0-9f47839837f3,ELA_IR_G1_NA,I_13aaaaaa-aaaa-4aaa-a40a-978132846950
6004d0ec-aa3f-41f9-ac74-de4928e62ff0,ELA_IR_G1_NA,I_13aaaaaa-aaaa-4aaa-a40a-978132846950
9ca5b202-07ca-4b74-9674-82fd0d15b1ab,ELA_IR_G1_NA,I_13aaaaaa-aaaa-4aaa-a40a-978132846950
9ca5b202-07ca-4b74-9674-82fd0d15b1ab,ELA_IR_G2_NA,I_13aaaaaa-aaaa-4aaa-a48a-978132846951
0c3e955b-255c-430c-b76d-6e7a8fa40272,ELA_IR_G2_NA,I_13aaaaaa-aaaa-4aaa-a48a-978132846951
7f307f76-2191-4034-afc0-dc312e49abfc,ELA_IR_G1_NA,I_13aaaaaa-aaaa-4aaa-a40a-978132846950
417f57ed-d6db-4500-ad2f-84d7e0307a75,ELA_IR_G1_NA,I_13aaaaaa-aaaa-4aaa-a40a-978132846950
f226e885-6219-44d3-9500-e8700b3c4644,ELA_IR_G1_NA,I_13aaaaaa-aaaa-4aaa-a40a-978132846950
f226e885-6219-44d3-9500-e8700b3c4644,ELA_IR_G2_NA,I_13aaaaaa-aaaa-4aaa-a48a-978132846951
417f57ed-d6db-4500-ad2f-84d7e0307a75,ELA_IR_G2_NA,I_13aaaaaa-aaaa-4aaa-a48a-978132846951
7f307f76-2191-4034-afc0-dc312e49abfc,ELA_IR_G2_NA,I_13aaaaaa-aaaa-4aaa-a48a-978132846951
f9cccd52-6888-4498-9148-31e54cd55d73,ELA_IR_G1_NA,I_13aaaaaa-aaaa-4aaa-a40a-978132846950
f9cccd52-6888-4498-9148-31e54cd55d73,ELA_IR_G2_NA,I_13aaaaaa-aaaa-4aaa-a48a-978132846951
2844a2ad-6bff-470f-858e-5d00d9d050cb,ELA_IR_G1_NA,I_13aaaaaa-aaaa-4aaa-a40a-978132846950
2844a2ad-6bff-470f-858e-5d00d9d050cb,ELA_IR_G2_NA,I_13aaaaaa-aaaa-4aaa-a48a-978132846951
405d2fbb-97f5-4b00-8d71-3e1193f7054a,ELA_IR_G1_NA,I_13aaaaaa-aaaa-4aaa-a40a-978132846950
6cacd212-3272-43ab-8348-3f84f01cbf11,ELA_IR_G1_NA,I_13aaaaaa-aaaa-4aaa-a40a-978132846950
6cacd212-3272-43ab-8348-3f84f01cbf11,ELA_IR_G2_NA,I_13aaaaaa-aaaa-4aaa-a48a-978132846951
bbc77db0-b1bc-46fc-a574-5a4643acce25,ELA_IR_G1_NA,I_13aaaaaa-aaaa-4aaa-a40a-978132846950
405d2fbb-97f5-4b00-8d71-3e1193f7054a,ELA_IR_G2_NA,I_13aaaaaa-aaaa-4aaa-a48a-978132846951
bbc77db0-b1bc-46fc-a574-5a4643acce25,ELA_IR_G2_NA,I_13aaaaaa-aaaa-4aaa-a48a-978132846951
9763b2a6-68b9-4b13-89cf-580f1560776b,ELA_IR_G1_NA,I_13aaaaaa-aaaa-4aaa-a40a-978132846950
9763b2a6-68b9-4b13-89cf-580f1560776b,ELA_IR_G2_NA,I_13aaaaaa-aaaa-4aaa-a48a-978132846951
318a6866-c8d4-4cd9-8164-9168d4a0f873,ELA_IR_G1_NA,I_13aaaaaa-aaaa-4aaa-a40a-978132846950
8e4f0847-30f3-4f53-b409-62b18e3d6433,ELA_IR_G1_NA,I_13aaaaaa-aaaa-4aaa-a40a-978132846950
318a6866-c8d4-4cd9-8164-9168d4a0f873,ELA_IR_G2_NA,I_13aaaaaa-aaaa-4aaa-a48a-978132846951
8e4f0847-30f3-4f53-b409-62b18e3d6433,ELA_IR_G2_NA,I_13aaaaaa-aaaa-4aaa-a48a-978132846951
a5009dea-3a1b-43b7-938b-5d41100aec19,ELA_IR_G2_NA,I_13aaaaaa-aaaa-4aaa-a48a-978132846951
a5009dea-3a1b-43b7-938b-5d41100aec19,ELA_IR_G1_NA,I_13aaaaaa-aaaa-4aaa-a40a-978132846950
fdfd2c57-1f2b-4c6d-848a-943899a2c796,ELA_IR_G1_NA,I_13aaaaaa-aaaa-4aaa-a40a-978132846950
fdfd2c57-1f2b-4c6d-848a-943899a2c796,ELA_IR_G2_NA,I_13aaaaaa-aaaa-4aaa-a48a-978132846951
36b1adc5-572e-452a-8c9b-83553a68499b,ELA_IR_G1_NA,I_13aaaaaa-aaaa-4aaa-a40a-978132846950
e408a466-327b-42fa-98b9-db95374d9397,ELA_IR_G2_NA,I_13aaaaaa-aaaa-4aaa-a48a-978132846951
ce469833-761c-430f-9941-2ae3a7910fd5,ELA_IR_G5_NA,I_13aaaaaa-aaaa-4aaa-a42a-978132846954
96a67f74-fdb9-4a0d-8606-34fbe450f441,ELA_IR_G2_NA,I_13aaaaaa-aaaa-4aaa-a48a-978132846951
ce469833-761c-430f-9941-2ae3a7910fd5,ELA_IR_G4_NA,I_13aaaaaa-aaaa-4aaa-a44a-978132846953
ce469833-761c-430f-9941-2ae3a7910fd5,ELA_IR_G2_NA,I_13aaaaaa-aaaa-4aaa-a48a-978132846951
ccdfbb01-2a02-434a-9122-a979f5e97aa8,NA_SCI_YSI_6-8,I_13aaaaaa-aaaa-4aaa-a40a-978054488227
3acce365-7093-4703-8a79-2fd63f7597e1,NA_SCI_YSI_6-8,I_13aaaaaa-aaaa-4aaa-a40a-978054488227
3acce365-7093-4703-8a79-2fd63f7597e1,NA_SCI_YSI_6-8,I_13aaaaaa-aaaa-4aaa-a46a-978054488234
3acce365-7093-4703-8a79-2fd63f7597e1,NA_SCI_YSI_6-8,I_13aaaaaa-aaaa-4aaa-a44a-978054488240
3acce365-7093-4703-8a79-2fd63f7597e1,NA_SCI_YSI_6-8,I_13aaaaaa-aaaa-4aaa-a48a-978054488228
040e3ea5-b52e-4154-a192-3f5e158865d2,NA_SCI_YSI_6-8,I_13aaaaaa-aaaa-4aaa-a48a-978054488228
040e3ea5-b52e-4154-a192-3f5e158865d2,NA_SCI_YSI_6-8,I_13aaaaaa-aaaa-4aaa-a40a-978054488227
043b1497-a251-48b1-b5a4-1f46182360e9,NA_SCI_YSI_6-8,I_13aaaaaa-aaaa-4aaa-a48a-978054488228
fe7847ed-2c42-4daf-aad5-8d719f58af59,NA_SCI_YSI_6-8,I_13aaaaaa-aaaa-4aaa-a40a-978054488227
fe7847ed-2c42-4daf-aad5-8d719f58af59,NA_SCI_YSI_6-8,I_13aaaaaa-aaaa-4aaa-a44a-978054488240
fe7847ed-2c42-4daf-aad5-8d719f58af59,NA_SCI_YSI_6-8,I_13aaaaaa-aaaa-4aaa-a46a-978054488234
fe7847ed-2c42-4daf-aad5-8d719f58af59,NA_SCI_YSI_6-8,I_13aaaaaa-aaaa-4aaa-a48a-978054488228
b1d8d208-4c41-45dc-b871-56c1517d7101,NA_SCI_YSI_6-8,I_13aaaaaa-aaaa-4aaa-a40a-978054488227
043b1497-a251-48b1-b5a4-1f46182360e9,NA_SCI_YSI_6-8,I_13aaaaaa-aaaa-4aaa-a40a-978054488227
c5edd729-e943-4479-8920-1e7d773e3471,ELA_IR_G3_NA,I_13aaaaaa-aaaa-4aaa-a46a-978132846952
c5edd729-e943-4479-8920-1e7d773e3471,ELA_IR_G1_NA,I_13aaaaaa-aaaa-4aaa-a40a-978132846950
c5edd729-e943-4479-8920-1e7d773e3471,ELA_IR_G5_NA,I_13aaaaaa-aaaa-4aaa-a42a-978132846954
c5edd729-e943-4479-8920-1e7d773e3471,ELA_IR_G4_NA,I_13aaaaaa-aaaa-4aaa-a44a-978132846953
c5edd729-e943-4479-8920-1e7d773e3471,ELA_IR_G2_NA,I_13aaaaaa-aaaa-4aaa-a48a-978132846951
4730af85-4baf-4a37-aa3b-65a0661983de,ELA_IR_G4_NA,I_13aaaaaa-aaaa-4aaa-a44a-978132846953
4730af85-4baf-4a37-aa3b-65a0661983de,ELA_IR_G3_NA,I_13aaaaaa-aaaa-4aaa-a46a-978132846952
4730af85-4baf-4a37-aa3b-65a0661983de,ELA_IR_G2_NA,I_13aaaaaa-aaaa-4aaa-a48a-978132846951
4730af85-4baf-4a37-aa3b-65a0661983de,ELA_IR_G5_NA,I_13aaaaaa-aaaa-4aaa-a42a-978132846954
5416597f-3e0f-4b59-9e4a-8b1a28c77471,ELA_IR_G2_NA,I_13aaaaaa-aaaa-4aaa-a48a-978132846951
5416597f-3e0f-4b59-9e4a-8b1a28c77471,ELA_IR_G4_NA,I_13aaaaaa-aaaa-4aaa-a44a-978132846953
5416597f-3e0f-4b59-9e4a-8b1a28c77471,ELA_IR_G5_NA,I_13aaaaaa-aaaa-4aaa-a42a-978132846954
5416597f-3e0f-4b59-9e4a-8b1a28c77471,ELA_IR_G3_NA,I_13aaaaaa-aaaa-4aaa-a46a-978132846952
dcb0251d-7875-42ae-84b6-983aecc5652d,ELA_IR_G3_NA,I_13aaaaaa-aaaa-4aaa-a46a-978132846952
e22626ab-d0e9-432f-8d42-fc0609df8389,ELA_IR_G3_NA,I_13aaaaaa-aaaa-4aaa-a46a-978132846952
c22a4d6e-0327-4394-9b62-a9fa5771441d,ELA_IR_G5_NA,I_13aaaaaa-aaaa-4aaa-a42a-978132846954
c22a4d6e-0327-4394-9b62-a9fa5771441d,ELA_IR_G4_NA,I_13aaaaaa-aaaa-4aaa-a44a-978132846953
dcb0251d-7875-42ae-84b6-983aecc5652d,ELA_IR_G5_NA,I_13aaaaaa-aaaa-4aaa-a42a-978132846954
dcb0251d-7875-42ae-84b6-983aecc5652d,ELA_IR_G4_NA,I_13aaaaaa-aaaa-4aaa-a44a-978132846953
dcb0251d-7875-42ae-84b6-983aecc5652d,ELA_IR_G2_NA,I_13aaaaaa-aaaa-4aaa-a48a-978132846951
e34f1c7f-9bdb-4fe3-9411-482984286cc8,ELA_IR_G5_NA,I_13aaaaaa-aaaa-4aaa-a42a-978132846954
e34f1c7f-9bdb-4fe3-9411-482984286cc8,ELA_IR_G4_NA,I_13aaaaaa-aaaa-4aaa-a44a-978132846953
e34f1c7f-9bdb-4fe3-9411-482984286cc8,ELA_IR_G3_NA,I_13aaaaaa-aaaa-4aaa-a46a-978132846952
e34f1c7f-9bdb-4fe3-9411-482984286cc8,ELA_IR_G2_NA,I_13aaaaaa-aaaa-4aaa-a48a-978132846951
f7017f30-c467-4bf8-805f-1f2539a0cd6e,ELA_IR_G5_NA,I_13aaaaaa-aaaa-4aaa-a42a-978132846954
f7017f30-c467-4bf8-805f-1f2539a0cd6e,ELA_IR_G4_NA,I_13aaaaaa-aaaa-4aaa-a44a-978132846953
f7017f30-c467-4bf8-805f-1f2539a0cd6e,ELA_IR_G3_NA,I_13aaaaaa-aaaa-4aaa-a46a-978132846952
f7017f30-c467-4bf8-805f-1f2539a0cd6e,ELA_IR_G2_NA,I_13aaaaaa-aaaa-4aaa-a48a-978132846951
e22626ab-d0e9-432f-8d42-fc0609df8389,ELA_IR_G5_NA,I_13aaaaaa-aaaa-4aaa-a42a-978132846954
e22626ab-d0e9-432f-8d42-fc0609df8389,ELA_IR_G4_NA,I_13aaaaaa-aaaa-4aaa-a44a-978132846953
e22626ab-d0e9-432f-8d42-fc0609df8389,ELA_IR_G2_NA,I_13aaaaaa-aaaa-4aaa-a48a-978132846951
0488fc7f-a3ca-4b48-a70e-4e7d6474e086,ELA_IR_G2_NA,I_13aaaaaa-aaaa-4aaa-a48a-978132846951
0488fc7f-a3ca-4b48-a70e-4e7d6474e086,ELA_IR_G5_NA,I_13aaaaaa-aaaa-4aaa-a42a-978132846954
0488fc7f-a3ca-4b48-a70e-4e7d6474e086,ELA_IR_G4_NA,I_13aaaaaa-aaaa-4aaa-a44a-978132846953
0488fc7f-a3ca-4b48-a70e-4e7d6474e086,ELA_IR_G3_NA,I_13aaaaaa-aaaa-4aaa-a46a-978132846952
822af41d-dbb4-4a1f-b9c7-3fbb5303a206,ELA_IR_G2_NA,I_13aaaaaa-aaaa-4aaa-a48a-978132846951
8e302c2f-bccb-4b25-b171-7abb76012f75,ELA_IR_G5_NA,I_13aaaaaa-aaaa-4aaa-a42a-978132846954
8e302c2f-bccb-4b25-b171-7abb76012f75,ELA_IR_G2_NA,I_13aaaaaa-aaaa-4aaa-a48a-978132846951
8e302c2f-bccb-4b25-b171-7abb76012f75,ELA_IR_G4_NA,I_13aaaaaa-aaaa-4aaa-a44a-978132846953
8e302c2f-bccb-4b25-b171-7abb76012f75,ELA_IR_G3_NA,I_13aaaaaa-aaaa-4aaa-a46a-978132846952
de19a987-167e-486b-9625-30f85bac5f49,ELA_IR_G5_NA,I_13aaaaaa-aaaa-4aaa-a42a-978132846954
7e2f74cb-274f-41bf-a322-a6afc4cad498,ELA_IR_G3_NA,I_13aaaaaa-aaaa-4aaa-a46a-978132846952
